record_index,phase,phase_update,loss,reward,final_correctness,kl,keep_rate,mean_completion_length
1,phase_i_0_500,1,1.49e-08,0.06121,0.05,0.0,0.5,559.0
2,phase_i_0_500,2,5.597e-05,0.5378,0.5,0.001398,1.0,226.2
3,phase_i_0_500,3,9.391e-05,0.5719,0.5,0.002348,1.0,305.8
4,phase_i_0_500,4,8.671e-05,0.1511,0.125,0.002167,0.6667,383.4
5,phase_i_0_500,5,5.188e-05,0.0,0.0,0.001297,0.0,389.2
6,phase_i_0_500,6,8.155e-05,0.1088,0.1,0.002039,0.5,551.4
7,phase_i_0_500,7,6.488e-05,0.2398,0.25,0.001623,1.0,474.0
8,phase_i_0_500,8,4.847e-05,0.0,0.0,0.001212,0.0,358.5
9,phase_i_0_500,9,5.982e-05,0.0,0.0,0.001496,0.0,493.6
10,phase_i_0_500,10,9.12e-05,0.08333,0.1,0.00228,0.5,330.6
11,phase_i_0_500,11,6.023e-05,0.0,0.0,0.001506,0.0,282.2
12,phase_i_0_500,12,7.625e-05,0.1952,0.15,0.001906,0.5,336.1
13,phase_i_0_500,13,9.307e-05,0.02749,0.03571,0.002327,0.1667,379.2
14,phase_i_0_500,14,5.692e-05,0.04442,0.04167,0.001423,0.25,459.3
15,phase_i_0_500,15,6.205e-05,0.1298,0.15,0.001551,0.5,444.4
16,phase_i_0_500,16,5.579e-05,0.1625,0.15,0.001395,0.5,247.9
17,phase_i_0_500,17,8.558e-05,0.2115,0.25,0.002139,0.75,440.3
18,phase_i_0_500,18,9.76e-05,0.3668,0.375,0.002441,1.0,203.6
19,phase_i_0_500,19,9.684e-05,0.2677,0.25,0.002422,0.75,208.8
20,phase_i_0_500,20,0.0001935,0.05313,0.05,0.004839,0.5,395.4
21,phase_i_0_500,21,0.0001126,0.42,0.5,0.002815,1.0,240.8
22,phase_i_0_500,22,0.000136,0.1078,0.1,0.003401,0.5,432.0
23,phase_i_0_500,23,7.983e-05,0.08304,0.1,0.001996,0.5,285.9
24,phase_i_0_500,24,6.978e-05,0.3162,0.25,0.001745,0.75,404.9
25,phase_i_0_500,25,7.603e-05,0.1271,0.15,0.001901,0.5,177.5
26,phase_i_0_500,26,6.498e-05,0.5559,0.5,0.001624,1.0,199.2
27,phase_i_0_500,27,0.000103,0.3787,0.35,0.002576,0.4167,370.1
28,phase_i_0_500,28,4.842e-05,0.4304,0.4167,0.00121,0.75,282.7
29,phase_i_0_500,29,0.0001332,0.1769,0.1875,0.003331,0.6667,448.6
30,phase_i_0_500,30,8.709e-05,0.1639,0.15,0.002178,0.5,344.6
31,phase_i_0_500,31,0.0001003,0.06071,0.07143,0.002509,0.2917,347.0
32,phase_i_0_500,32,5.018e-05,0.5249,0.4167,0.001255,0.75,302.4
33,phase_i_0_500,33,8.353e-05,0.1937,0.15,0.002088,0.5,294.8
34,phase_i_0_500,34,5.443e-05,0.05867,0.05,0.00136,0.5,185.2
35,phase_i_0_500,35,8.58e-05,0.03932,0.05,0.002145,0.5,176.4
36,phase_i_0_500,36,8.346e-05,0.1149,0.1,0.002086,0.5,310.1
37,phase_i_0_500,37,6.8e-05,0.05211,0.04167,0.001701,0.25,457.7
38,phase_i_0_500,38,8.538e-05,0.1649,0.15,0.002135,0.625,325.4
39,phase_i_0_500,39,0.0001038,0.9044,0.75,0.002596,1.0,317.1
40,phase_i_0_500,40,9.48e-05,0.7015,0.5625,0.002371,0.5,288.6
41,phase_i_0_500,41,0.0001174,0.04488,0.04167,0.002936,0.25,287.8
42,phase_i_0_500,42,6.118e-05,0.04493,0.05,0.00153,0.5,414.9
43,phase_i_0_500,43,0.0001073,0.4166,0.5,0.002683,1.0,410.8
44,phase_i_0_500,44,7.154e-05,0.4411,0.3929,0.001788,0.1667,231.4
45,phase_i_0_500,45,8.622e-05,0.05734,0.05,0.002156,0.5,456.0
46,phase_i_0_500,46,4.317e-05,0.1262,0.125,0.001079,0.3333,431.3
47,phase_i_0_500,47,0.0001306,0.0883,0.1,0.003264,0.5,325.8
48,phase_i_0_500,48,0.000131,0.5957,0.5,0.003276,1.0,279.9
49,phase_i_0_500,49,8.674e-05,0.1847,0.1875,0.002168,0.5,301.0
50,phase_i_0_500,50,0.0001116,0.0,0.0,0.00279,0.0,414.6
51,phase_i_0_500,51,0.0001441,0.05868,0.05,0.003603,0.5,430.7
52,phase_i_0_500,52,9.336e-05,0.4749,0.5,0.002335,1.0,335.4
53,phase_i_0_500,53,0.0001158,0.0,0.0,0.002896,0.0,215.4
54,phase_i_0_500,54,0.0001054,0.1608,0.15,0.002635,0.5,432.0
55,phase_i_0_500,55,6.385e-05,0.2281,0.25,0.001596,0.75,539.8
56,phase_i_0_500,56,7.384e-05,0.4247,0.375,0.001845,1.0,298.0
57,phase_i_0_500,57,0.0001367,0.8244,0.75,0.003415,1.0,224.5
58,phase_i_0_500,58,8.108e-05,0.888,0.75,0.002027,1.0,273.5
59,phase_i_0_500,59,0.0001661,0.4008,0.375,0.004152,1.0,226.1
60,phase_i_0_500,60,0.0001335,0.4596,0.375,0.003337,1.0,249.4
61,phase_i_0_500,61,0.0001163,0.1371,0.15,0.002907,0.5,462.8
62,phase_i_0_500,62,9.231e-05,0.04248,0.05,0.002308,0.5,336.5
63,phase_i_0_500,63,7.55e-05,0.0,0.0,0.001887,0.0,444.1
64,phase_i_0_500,64,8.518e-05,0.2002,0.1875,0.002129,0.6667,354.9
65,phase_i_0_500,65,9.665e-05,0.2361,0.25,0.002416,1.0,473.0
66,phase_i_0_500,66,0.0001007,0.05153,0.04167,0.002516,0.25,431.0
67,phase_i_0_500,67,0.0001079,0.3646,0.375,0.002698,1.0,137.5
68,phase_i_0_500,68,0.0001161,0.04543,0.04167,0.002903,0.25,352.5
69,phase_i_0_500,69,0.0003254,0.6519,0.625,0.008136,1.0,208.1
70,phase_i_0_500,70,5.851e-05,0.677,0.75,0.001463,1.0,245.2
71,phase_i_0_500,71,0.0001758,0.04805,0.04167,0.004396,0.25,472.8
72,phase_i_0_500,72,5.437e-05,0.4453,0.3929,0.001359,0.1667,429.0
73,phase_i_0_500,73,0.0001065,0.0,0.0,0.002663,0.0,304.1
74,phase_i_0_500,74,0.0001456,0.1864,0.1875,0.003641,0.6667,326.0
75,phase_i_0_500,75,7.524e-05,0.09323,0.1,0.00188,0.5,592.1
76,phase_i_0_500,76,0.0001401,0.479,0.5,0.003503,0.6667,278.4
77,phase_i_0_500,77,9.453e-05,0.05231,0.05,0.002363,0.5,292.6
78,phase_i_0_500,78,9.243e-05,0.09647,0.1,0.00231,0.5,326.8
79,phase_i_0_500,79,8.916e-05,0.09562,0.1,0.002229,0.5,399.4
80,phase_i_0_500,80,0.0002118,0.05477,0.05,0.005297,0.5,301.3
81,phase_i_0_500,81,0.0001291,0.3322,0.3333,0.003229,0.75,309.2
82,phase_i_0_500,82,9.862e-05,0.1846,0.15,0.002466,0.5,322.4
83,phase_i_0_500,83,0.0001404,0.7454,0.625,0.003511,1.0,368.1
84,phase_i_0_500,84,8.654e-05,0.6477,0.625,0.002164,1.0,427.8
85,phase_i_0_500,85,0.000146,0.1282,0.1,0.003649,0.5,256.6
86,phase_i_0_500,86,8.76e-05,0.1883,0.15,0.00219,0.5,304.9
87,phase_i_0_500,87,0.0006863,0.0,0.0,0.01716,0.0,260.2
88,phase_i_0_500,88,0.0001643,0.0,0.0,0.004108,0.0,253.4
89,phase_i_0_500,89,0.0001715,0.1447,0.1875,0.004288,0.6667,392.2
90,phase_i_0_500,90,6.955e-05,0.0,0.0,0.001739,0.0,257.4
91,phase_i_0_500,91,8.182e-05,0.0,0.0,0.002046,0.0,257.2
92,phase_i_0_500,92,0.0001288,0.11,0.125,0.003221,0.5,418.0
93,phase_i_0_500,93,0.0001192,0.05474,0.05,0.00298,0.5,533.8
94,phase_i_0_500,94,8.583e-05,0.09531,0.1,0.002146,0.5,379.2
95,phase_i_0_500,95,0.0001428,0.5636,0.5,0.003569,1.0,270.0
96,phase_i_0_500,96,0.0001018,0.5723,0.5,0.002544,1.0,177.2
97,phase_i_0_500,97,8.52e-05,0.2037,0.15,0.00213,0.5,264.9
98,phase_i_0_500,98,0.0001164,0.6178,0.625,0.002911,1.0,440.2
99,phase_i_0_500,99,0.0001357,0.2491,0.25,0.003392,0.25,325.2
100,phase_i_0_500,100,9.502e-05,0.0,0.0,0.002375,0.0,381.8
101,phase_i_0_500,101,0.0001855,0.1855,0.1875,0.004638,0.5,308.6
102,phase_i_0_500,102,0.0001275,0.0,0.0,0.003188,0.0,317.0
103,phase_i_0_500,103,0.000106,0.0287,0.03571,0.00265,0.1667,362.1
104,phase_i_0_500,104,0.0001979,0.03633,0.04167,0.004947,0.25,206.8
105,phase_i_0_500,105,0.0002165,0.04635,0.04167,0.005413,0.25,249.8
106,phase_i_0_500,106,0.0002168,0.1231,0.1,0.005421,0.5,276.8
107,phase_i_0_500,107,0.0002543,0.9231,0.75,0.006356,0.75,239.4
108,phase_i_0_500,108,0.0001626,0.3798,0.375,0.004065,1.0,253.2
109,phase_i_0_500,109,0.0001988,0.5205,0.5,0.004969,1.0,288.2
110,phase_i_0_500,110,0.0001511,0.2036,0.25,0.003779,0.75,368.6
111,phase_i_0_500,111,0.0001043,0.09969,0.1,0.002607,0.5,311.6
112,phase_i_0_500,112,0.0001287,0.04124,0.04167,0.003218,0.25,447.0
113,phase_i_0_500,113,0.0001658,0.346,0.2917,0.004144,0.25,203.0
114,phase_i_0_500,114,0.0001664,0.4073,0.4,0.00416,0.4167,223.3
115,phase_i_0_500,115,0.0001488,0.0,0.0,0.00372,0.0,402.2
116,phase_i_0_500,116,0.000124,0.05266,0.04167,0.0031,0.25,198.8
117,phase_i_0_500,117,0.0001678,0.1367,0.15,0.004194,0.5,197.4
118,phase_i_0_500,118,0.0001138,0.5856,0.625,0.002846,1.0,278.9
119,phase_i_0_500,119,9.44e-05,0.7285,0.6667,0.00236,0.75,277.2
120,phase_i_0_500,120,0.0002032,0.03655,0.05,0.005081,0.5,258.4
121,phase_i_0_500,121,0.0001205,0.04482,0.05,0.003014,0.5,156.2
122,phase_i_0_500,122,0.000171,0.03143,0.03571,0.004273,0.1667,297.4
123,phase_i_0_500,123,0.0002472,0.1008,0.08333,0.006181,0.25,244.4
124,phase_i_0_500,124,0.0001873,0.1212,0.125,0.004682,0.6667,374.7
125,phase_i_0_500,125,0.0002092,0.4323,0.5,0.005229,1.0,204.0
126,phase_i_0_500,126,0.0001742,0.1274,0.125,0.004354,0.25,295.5
127,phase_i_0_500,127,0.0001521,0.1004,0.1,0.003803,0.5,463.3
128,phase_i_0_500,128,0.0001345,0.0,0.0,0.003364,0.0,565.9
129,phase_i_0_500,129,0.0001151,0.0,0.0,0.002878,0.0,368.0
130,phase_i_0_500,130,8.064e-05,0.0,0.0,0.002016,0.0,355.4
131,phase_i_0_500,131,0.0001291,0.0,0.0,0.003228,0.0,391.1
132,phase_i_0_500,132,0.0001472,0.03971,0.04167,0.00368,0.25,312.4
133,phase_i_0_500,133,0.0001795,0.2131,0.25,0.004488,0.75,340.1
134,phase_i_0_500,134,0.0001183,0.0,0.0,0.002958,0.0,261.1
135,phase_i_0_500,135,0.0002486,0.1709,0.25,0.006215,1.0,250.9
136,phase_i_0_500,136,0.0001316,0.5766,0.5833,0.003289,0.75,327.5
137,phase_i_0_500,137,0.000104,0.0,0.0,0.0026,0.0,261.5
138,phase_i_0_500,138,0.0002696,0.04319,0.04167,0.00674,0.25,223.9
139,phase_i_0_500,139,0.000148,0.04398,0.05,0.003701,0.5,194.8
140,phase_i_0_500,140,0.0002702,0.0,0.0,0.006756,0.0,460.9
141,phase_i_0_500,141,0.000142,0.07441,0.1,0.003551,0.5,312.6
142,phase_i_0_500,142,0.0001781,0.2641,0.25,0.004453,0.75,437.4
143,phase_i_0_500,143,0.000224,0.4694,0.3929,0.005598,0.1667,232.9
144,phase_i_0_500,144,0.0003854,0.0,0.0,0.009636,0.0,365.1
145,phase_i_0_500,145,0.0002289,0.05155,0.05,0.005722,0.5,355.6
146,phase_i_0_500,146,0.0001837,0.1623,0.15,0.004594,0.5,486.1
147,phase_i_0_500,147,0.0001699,0.2856,0.2917,0.004249,0.25,250.4
148,phase_i_0_500,148,0.0001962,1.073,0.85,0.004906,0.625,155.8
149,phase_i_0_500,149,0.0002431,0.05644,0.1,0.006076,0.5,327.4
150,phase_i_0_500,150,0.0001418,0.0,0.0,0.003546,0.0,309.4
151,phase_i_0_500,151,0.0001077,0.01516,0.03125,0.002692,0.125,367.0
152,phase_i_0_500,152,0.0002367,0.4706,0.5,0.005918,1.0,234.6
153,phase_i_0_500,153,0.0002257,0.03428,0.03571,0.005644,0.1667,333.7
154,phase_i_0_500,154,0.0001694,0.1636,0.15,0.004235,0.5,192.3
155,phase_i_0_500,155,0.0002082,0.2898,0.25,0.005206,1.0,358.0
156,phase_i_0_500,156,0.0001371,0.0,0.0,0.003427,0.0,500.1
157,phase_i_0_500,157,0.0002201,0.08724,0.1,0.005504,0.5,448.9
158,phase_i_0_500,158,0.0002262,0.03202,0.03125,0.005656,0.125,368.8
159,phase_i_0_500,159,0.0001527,0.0,0.0,0.003817,0.0,431.8
160,phase_i_0_500,160,0.0001906,0.06904,0.1,0.004765,0.5,253.7
161,phase_i_0_500,161,0.0001595,0.0,0.0,0.003988,0.0,377.2
162,phase_i_0_500,162,0.0001425,0.2775,0.25,0.003564,0.6667,315.1
163,phase_i_0_500,163,0.0001396,0.05615,0.05,0.00349,0.5,347.8
164,phase_i_0_500,164,0.0001222,0.0,0.0,0.003055,0.0,252.0
165,phase_i_0_500,165,0.0001181,0.0,0.0,0.002952,0.0,326.0
166,phase_i_0_500,166,0.000148,0.601,0.55,0.003698,0.4167,223.4
167,phase_i_0_500,167,0.0002054,0.05233,0.05,0.005133,0.5,274.5
168,phase_i_0_500,168,0.0002239,0.8406,0.75,0.005599,1.0,176.0
169,phase_i_0_500,169,0.0001166,0.491,0.5,0.002914,1.0,463.5
170,phase_i_0_500,170,0.0003965,0.0,0.0,0.009912,0.0,327.7
171,phase_i_0_500,171,0.0001806,0.1784,0.15,0.004514,0.5,293.2
172,phase_i_0_500,172,0.0001213,0.3767,0.375,0.003031,1.0,357.8
173,phase_i_0_500,173,0.0001214,0.04149,0.04167,0.003034,0.25,366.5
174,phase_i_0_500,174,0.0001702,0.1047,0.1,0.004255,0.5,197.2
175,phase_i_0_500,175,9.808e-05,0.9338,0.8125,0.002453,0.6667,183.6
176,phase_i_0_500,176,0.0001268,0.08237,0.1,0.00317,0.5,477.3
177,phase_i_0_500,177,0.000153,0.1609,0.15,0.003826,0.625,376.3
178,phase_i_0_500,178,0.0001766,0.4882,0.4286,0.004413,0.2917,256.1
179,phase_i_0_500,179,0.0001079,0.2212,0.2083,0.002698,0.25,488.0
180,phase_i_0_500,180,0.0001307,0.4301,0.3333,0.003269,0.75,373.4
181,phase_i_0_500,181,0.0001028,0.05537,0.05,0.002571,0.5,566.0
182,phase_i_0_500,182,0.0001649,0.0,0.0,0.004121,0.0,388.9
183,phase_i_0_500,183,0.0001657,0.1321,0.1,0.004142,0.5,293.1
184,phase_i_0_500,184,0.0001428,0.0,0.0,0.003571,0.0,526.4
185,phase_i_0_500,185,0.0001871,0.5728,0.5,0.004676,0.5,298.2
186,phase_i_0_500,186,0.0001621,0.0,0.0,0.004052,0.0,338.7
187,phase_i_0_500,187,0.0003706,0.03287,0.05,0.009265,0.5,309.6
188,phase_i_0_500,188,0.0001159,0.5654,0.4688,0.002897,0.125,272.2
189,phase_i_0_500,189,8.807e-05,0.0,0.0,0.002202,0.0,441.4
190,phase_i_0_500,190,0.0001286,0.08752,0.08333,0.003213,0.25,392.7
191,phase_i_0_500,191,0.0002491,0.05914,0.05,0.006227,0.5,375.7
192,phase_i_0_500,192,0.0002193,0.1165,0.1,0.005482,0.5,392.8
193,phase_i_0_500,193,0.0002148,0.05245,0.05,0.00537,0.5,510.8
194,phase_i_0_500,194,0.0001287,0.08498,0.1,0.003218,0.5,253.0
195,phase_i_0_500,195,0.0001483,0.05407,0.04167,0.003707,0.25,336.7
196,phase_i_0_500,196,0.0002831,0.03378,0.05,0.007078,0.5,462.4
197,phase_i_0_500,197,0.0001344,0.0,0.0,0.00336,0.0,344.5
198,phase_i_0_500,198,0.0001349,0.1077,0.125,0.003373,0.6667,577.9
199,phase_i_0_500,199,0.0001269,0.02912,0.05,0.003173,0.5,340.9
200,phase_i_0_500,200,0.0001358,0.02,0.05,0.003395,0.5,325.9
201,phase_i_0_500,201,0.0001488,0.146,0.15,0.003719,0.5,424.1
202,phase_i_0_500,202,0.0003901,0.6408,0.6875,0.009752,0.6667,173.1
203,phase_i_0_500,203,0.0002562,0.1238,0.125,0.006405,0.6667,277.6
204,phase_i_0_500,204,0.0001661,0.0,0.0,0.004152,0.0,267.8
205,phase_i_0_500,205,0.0001662,0.03,0.04167,0.004155,0.25,350.5
206,phase_i_0_500,206,0.0002576,0.04875,0.04167,0.006441,0.25,180.0
207,phase_i_0_500,207,0.0001122,0.0,0.0,0.002805,0.0,438.9
208,phase_i_0_500,208,0.0001478,0.6778,0.625,0.003694,1.0,314.8
209,phase_i_0_500,209,0.0001266,0.3038,0.25,0.003163,0.6667,269.8
210,phase_i_0_500,210,0.0002784,0.0,0.0,0.006961,0.0,339.6
211,phase_i_0_500,211,0.0002066,0.04747,0.04167,0.005164,0.25,350.5
212,phase_i_0_500,212,0.0001263,0.2099,0.2,0.003157,0.625,365.6
213,phase_i_0_500,213,0.0001658,0.0,0.0,0.004145,0.0,344.4
214,phase_i_0_500,214,0.0002008,0.05537,0.04167,0.005019,0.25,325.9
215,phase_i_0_500,215,0.0001083,0.1013,0.1,0.002708,0.5,476.8
216,phase_i_0_500,216,9.411e-05,0.0,0.0,0.002353,0.0,377.7
217,phase_i_0_500,217,0.000223,0.0,0.0,0.005574,0.0,429.6
218,phase_i_0_500,218,8.052e-05,0.03391,0.04167,0.002013,0.25,540.8
219,phase_i_0_500,219,0.0001718,0.0,0.0,0.004295,0.0,379.6
220,phase_i_0_500,220,0.000375,0.0,0.0,0.009374,0.0,367.7
221,phase_i_0_500,221,0.000201,0.04312,0.04167,0.005025,0.25,351.9
222,phase_i_0_500,222,0.0001616,0.02228,0.05,0.004039,0.5,256.3
223,phase_i_0_500,223,0.0001022,0.0,0.0,0.002555,0.0,395.0
224,phase_i_0_500,224,0.000167,0.2413,0.2,0.004175,0.625,465.3
225,phase_i_0_500,225,0.0001467,0.0,0.0,0.003667,0.0,310.1
226,phase_i_0_500,226,0.0001477,0.04451,0.05,0.003692,0.5,502.2
227,phase_i_0_500,227,0.0001185,0.4556,0.375,0.002963,1.0,256.0
228,phase_i_0_500,228,0.0001444,0.03949,0.05,0.003611,0.5,534.5
229,phase_i_0_500,229,0.0003611,0.0,0.0,0.009027,0.0,325.0
230,phase_i_0_500,230,0.0001431,0.06196,0.05,0.003577,0.5,335.6
231,phase_i_0_500,231,0.0001839,0.05746,0.05,0.004598,0.5,458.4
232,phase_i_0_500,232,0.0001234,0.04258,0.04167,0.003086,0.25,292.3
233,phase_i_0_500,233,0.0001919,0.05394,0.05,0.004798,0.5,299.1
234,phase_i_0_500,234,0.0001221,0.3842,0.375,0.003051,1.0,277.1
235,phase_i_0_500,235,0.0001315,0.0,0.0,0.003288,0.0,426.4
236,phase_i_0_500,236,0.0002428,0.2952,0.25,0.006072,0.25,317.9
237,phase_i_0_500,237,0.0001268,0.04653,0.05,0.003171,0.5,406.9
238,phase_i_0_500,238,0.0001506,0.1022,0.1,0.003765,0.5,216.5
239,phase_i_0_500,239,0.0001443,0.8791,0.8125,0.003608,0.6667,287.1
240,phase_i_0_500,240,0.0001705,0.08522,0.1,0.004261,0.5,334.4
241,phase_i_0_500,241,9.829e-05,0.02826,0.05,0.002457,0.5,539.9
242,phase_i_0_500,242,0.0001911,0.4715,0.3929,0.004778,0.1667,297.4
243,phase_i_0_500,243,0.0001615,0.3616,0.5,0.004037,1.0,376.2
244,phase_i_0_500,244,0.000538,0.0,0.0,0.01345,0.0,137.8
245,phase_i_0_500,245,0.0001497,0.177,0.15,0.003742,0.5,348.4
246,phase_i_0_500,246,0.0002795,0.1686,0.1667,0.006986,0.75,307.0
247,phase_i_0_500,247,0.0001795,0.1018,0.1,0.004489,0.5,384.2
248,phase_i_0_500,248,0.0001753,0.0,0.0,0.004383,0.0,477.4
249,phase_i_0_500,249,0.0001073,0.05293,0.05,0.002682,0.5,378.9
250,phase_i_0_500,250,0.0003061,0.1146,0.1,0.007651,0.5,375.1
251,phase_i_0_500,251,0.000183,0.3896,0.2917,0.004575,0.25,257.7
252,phase_i_0_500,252,0.0002598,0.5483,0.5,0.006495,1.0,179.2
253,phase_i_0_500,253,0.0002124,0.02821,0.03125,0.005311,0.125,396.1
254,phase_i_0_500,254,0.0001668,0.1172,0.1,0.004169,0.5,366.4
255,phase_i_0_500,255,0.0002866,0.1772,0.15,0.007164,0.5,469.1
256,phase_i_0_500,256,0.0002415,0.5126,0.5,0.006038,1.0,322.4
257,phase_i_0_500,257,0.00018,0.0,0.0,0.004501,0.0,336.8
258,phase_i_0_500,258,0.0001248,0.3468,0.3333,0.003121,0.75,222.2
259,phase_i_0_500,259,0.0001673,0.1291,0.15,0.004181,0.5,399.2
260,phase_i_0_500,260,0.0001113,0.0,0.0,0.002783,0.0,262.8
261,phase_i_0_500,261,0.0001412,0.05776,0.1,0.00353,0.5,370.0
262,phase_i_0_500,262,0.0001606,0.04763,0.08333,0.004016,0.25,364.5
263,phase_i_0_500,263,0.0002275,0.7986,0.75,0.005688,1.0,282.0
264,phase_i_0_500,264,0.0002736,0.384,0.3929,0.006839,0.1667,380.5
265,phase_i_0_500,265,0.0001445,0.0,0.0,0.003613,0.0,356.6
266,phase_i_0_500,266,0.0001729,0.1517,0.15,0.004323,0.625,313.6
267,phase_i_0_500,267,0.0001786,0.0,0.0,0.004464,0.0,372.5
268,phase_i_0_500,268,0.0002506,0.1074,0.08333,0.006267,0.25,224.5
269,phase_i_0_500,269,0.000103,0.03822,0.03125,0.002574,0.125,354.8
270,phase_i_0_500,270,0.0002617,0.634,0.625,0.006544,1.0,246.5
271,phase_i_0_500,271,0.000131,0.0,0.0,0.003275,0.0,271.9
272,phase_i_0_500,272,0.0001926,0.03631,0.03571,0.004816,0.1667,419.6
273,phase_i_0_500,273,0.0002744,0.1111,0.1,0.00686,0.5,215.3
274,phase_i_0_500,274,0.0001218,0.0,0.0,0.003046,0.0,524.6
275,phase_i_0_500,275,0.0002996,0.4103,0.375,0.00749,1.0,283.4
276,phase_i_0_500,276,0.0002021,0.0,0.0,0.005053,0.0,344.7
277,phase_i_0_500,277,0.0001164,0.05742,0.05,0.002909,0.5,378.4
278,phase_i_0_500,278,0.00023,0.5789,0.5833,0.005749,0.75,193.2
279,phase_i_0_500,279,0.0001637,0.1072,0.1,0.004093,0.5,320.4
280,phase_i_0_500,280,0.0002421,0.1191,0.1,0.006053,0.5,253.3
281,phase_i_0_500,281,0.0003968,0.4803,0.5,0.009921,1.0,360.1
282,phase_i_0_500,282,0.0001695,0.05415,0.05,0.004237,0.5,401.7
283,phase_i_0_500,283,0.0001265,0.1213,0.15,0.003161,0.5,373.9
284,phase_i_0_500,284,0.0003302,0.1606,0.15,0.008257,0.5,165.7
285,phase_i_0_500,285,0.0001856,0.0,0.0,0.004641,0.0,417.0
286,phase_i_0_500,286,0.0003119,0.0,0.0,0.007797,0.0,392.1
287,phase_i_0_500,287,0.0001547,0.3775,0.375,0.003867,1.0,256.4
288,phase_i_0_500,288,0.000167,0.1092,0.1,0.004175,0.5,569.5
289,phase_i_0_500,289,0.0001539,0.044,0.05,0.003846,0.5,353.8
290,phase_i_0_500,290,0.0001004,0.0,0.0,0.002511,0.0,545.5
291,phase_i_0_500,291,0.000103,0.01429,0.03571,0.002574,0.1667,336.7
292,phase_i_0_500,292,0.0001653,0.558,0.5625,0.004131,0.5,243.4
293,phase_i_0_500,293,0.000197,0.05887,0.05,0.004926,0.5,257.7
294,phase_i_0_500,294,0.0001367,0.1615,0.15,0.003418,0.5,288.4
295,phase_i_0_500,295,0.0002957,0.0,0.0,0.007393,0.0,306.8
296,phase_i_0_500,296,0.0003258,0.0,0.0,0.008146,0.0,319.8
297,phase_i_0_500,297,9.476e-05,0.06973,0.07143,0.00237,0.1667,361.2
298,phase_i_0_500,298,0.0001249,0.1624,0.15,0.003123,0.5,383.6
299,phase_i_0_500,299,0.0003892,0.3705,0.3333,0.009732,0.75,288.1
300,phase_i_0_500,300,0.0001784,0.1862,0.1667,0.004461,0.375,276.1
301,phase_i_0_500,301,0.0001039,0.1532,0.15,0.002599,0.5,544.0
302,phase_i_0_500,302,0.0001642,0.0,0.0,0.004106,0.0,460.9
303,phase_i_0_500,303,0.0002231,0.7468,0.75,0.005578,1.0,239.0
304,phase_i_0_500,304,0.0001513,0.1308,0.1,0.003783,0.5,401.0
305,phase_i_0_500,305,0.0001288,0.08468,0.1,0.003219,0.5,284.4
306,phase_i_0_500,306,0.0001661,0.0365,0.05,0.004154,0.5,301.6
307,phase_i_0_500,307,0.0002034,0.3723,0.4167,0.005086,0.75,439.9
308,phase_i_0_500,308,0.0002021,0.7164,0.75,0.005051,1.0,209.2
309,phase_i_0_500,309,0.0001648,0.8074,0.6667,0.004118,0.75,356.7
310,phase_i_0_500,310,0.0001121,0.3549,0.375,0.002803,1.0,288.2
311,phase_i_0_500,311,0.0001198,0.235,0.25,0.002995,0.5,353.1
312,phase_i_0_500,312,0.000173,0.4538,0.3333,0.004323,0.75,298.0
313,phase_i_0_500,313,0.0001629,0.05943,0.05,0.004072,0.5,330.4
314,phase_i_0_500,314,0.0001191,0.1016,0.08333,0.002976,0.25,553.0
315,phase_i_0_500,315,0.000143,0.04762,0.05,0.003574,0.5,194.3
316,phase_i_0_500,316,0.0001653,0.3475,0.3333,0.004134,0.75,373.2
317,phase_i_0_500,317,9.076e-05,0.0,0.0,0.002269,0.0,358.0
318,phase_i_0_500,318,0.0001127,0.09105,0.1,0.002819,0.5,283.1
319,phase_i_0_500,319,0.00014,0.0,0.0,0.003499,0.0,371.7
320,phase_i_0_500,320,0.000132,0.0,0.0,0.003299,0.0,422.4
321,phase_i_0_500,321,0.0001309,0.1674,0.15,0.003273,0.5,345.2
322,phase_i_0_500,322,0.0001468,0.05921,0.05,0.003669,0.5,203.8
323,phase_i_0_500,323,0.0002094,1.156,0.95,0.00524,0.5,172.7
324,phase_i_0_500,324,0.0001501,0.2456,0.25,0.003753,0.6667,552.2
325,phase_i_0_500,325,0.0002838,0.02808,0.03571,0.007094,0.1667,377.4
326,phase_i_0_500,326,0.0001804,0.0,0.0,0.004509,0.0,460.1
327,phase_i_0_500,327,0.0001853,0.7871,0.6667,0.004633,0.75,326.6
328,phase_i_0_500,328,0.0005534,0.7558,0.6875,0.01384,0.6667,255.8
329,phase_i_0_500,329,0.0003972,0.2012,0.25,0.009931,0.75,371.4
330,phase_i_0_500,330,0.000325,0.1723,0.15,0.008124,0.5,161.8
331,phase_i_0_500,331,0.0002249,0.05874,0.05,0.005623,0.5,150.3
332,phase_i_0_500,332,0.0001217,0.0,0.0,0.003041,0.0,442.8
333,phase_i_0_500,333,7.644e-05,0.0641,0.05,0.00191,0.5,401.9
334,phase_i_0_500,334,0.0001303,0.0,0.0,0.003259,0.0,351.8
335,phase_i_0_500,335,0.0001707,0.5809,0.5833,0.004268,0.75,335.8
336,phase_i_0_500,336,7.914e-05,0.0,0.0,0.001978,0.0,448.9
337,phase_i_0_500,337,0.0001071,0.0,0.0,0.002678,0.0,322.8
338,phase_i_0_500,338,0.0001717,0.09504,0.1,0.004291,0.5,286.9
339,phase_i_0_500,339,0.000176,0.3286,0.25,0.0044,1.0,325.0
340,phase_i_0_500,340,0.0001526,0.09711,0.1,0.003815,0.5,373.9
341,phase_i_0_500,341,0.0002471,0.0,0.0,0.006177,0.0,487.9
342,phase_i_0_500,342,0.0003001,0.3052,0.25,0.007502,1.0,285.1
343,phase_i_0_500,343,0.0001684,0.5675,0.5,0.004211,1.0,371.9
344,phase_i_0_500,344,0.0001935,0.04718,0.05,0.004838,0.5,374.9
345,phase_i_0_500,345,0.0001045,0.04507,0.04167,0.002613,0.25,321.9
346,phase_i_0_500,346,0.0001422,0.1166,0.15,0.003557,0.4167,352.2
347,phase_i_0_500,347,0.0002871,0.9416,0.8333,0.007178,0.75,269.1
348,phase_i_0_500,348,0.0002307,0.2602,0.25,0.005768,0.75,341.1
349,phase_i_0_500,349,0.0002076,0.2858,0.25,0.00519,0.25,269.6
350,phase_i_0_500,350,0.0003164,0.18,0.15,0.007911,0.5,274.6
351,phase_i_0_500,351,0.0005014,0.1076,0.15,0.01254,0.5,383.9
352,phase_i_0_500,352,0.0002009,0.1729,0.15,0.005022,0.5,215.2
353,phase_i_0_500,353,0.0002142,0.339,0.2917,0.005355,0.25,281.3
354,phase_i_0_500,354,0.0002001,0.7786,0.6667,0.005001,0.75,254.1
355,phase_i_0_500,355,0.0002543,0.271,0.25,0.006357,1.0,305.1
356,phase_i_0_500,356,0.0001861,0.04226,0.04167,0.004653,0.25,375.0
357,phase_i_0_500,357,0.0001263,0.6003,0.5,0.003158,1.0,250.1
358,phase_i_0_500,358,0.000139,0.0,0.0,0.003474,0.0,348.2
359,phase_i_0_500,359,0.0002754,0.4201,0.375,0.006886,1.0,374.5
360,phase_i_0_500,360,0.000338,0.6014,0.625,0.008449,1.0,390.8
361,phase_i_0_500,361,0.0004686,0.3024,0.2917,0.01171,0.25,258.7
362,phase_i_0_500,362,0.0002292,0.153,0.15,0.00573,0.5,281.8
363,phase_i_0_500,363,0.0003492,0.1659,0.15,0.008732,0.5,282.9
364,phase_i_0_500,364,0.0001143,0.0,0.0,0.002857,0.0,473.2
365,phase_i_0_500,365,0.000267,1.107,0.875,0.006674,0.375,209.3
366,phase_i_0_500,366,0.0005588,0.4262,0.375,0.01397,1.0,241.2
367,phase_i_0_500,367,0.0004222,0.9115,0.8125,0.01056,0.6667,219.4
368,phase_i_0_500,368,0.0002362,0.2951,0.25,0.005904,0.25,290.6
369,phase_i_0_500,369,0.0002401,0.7674,0.6,0.006001,0.4167,302.6
370,phase_i_0_500,370,0.000153,0.123,0.125,0.003826,0.25,346.5
371,phase_i_0_500,371,0.000182,0.1163,0.1,0.00455,0.5,199.9
372,phase_i_0_500,372,0.0002401,0.03565,0.04167,0.006003,0.25,340.0
373,phase_i_0_500,373,0.0003463,0.1051,0.1,0.008658,0.5,321.6
374,phase_i_0_500,374,0.0001922,0.0,0.0,0.004806,0.0,335.9
375,phase_i_0_500,375,0.000382,0.2001,0.25,0.009552,0.75,367.6
376,phase_i_0_500,376,0.0001899,0.0,0.0,0.004746,0.0,431.5
377,phase_i_0_500,377,0.0002091,0.1803,0.15,0.005227,0.625,335.6
378,phase_i_0_500,378,0.0001086,0.0,0.0,0.002715,0.0,285.7
379,phase_i_0_500,379,0.0001259,0.0,0.0,0.003148,0.0,503.2
380,phase_i_0_500,380,0.0002755,0.8591,0.6667,0.006889,0.75,331.8
381,phase_i_0_500,381,0.0002684,0.117,0.1,0.006709,0.5,215.3
382,phase_i_0_500,382,0.0002772,0.0,0.0,0.006931,0.0,563.3
383,phase_i_0_500,383,0.0001801,0.0,0.0,0.004503,0.0,521.6
384,phase_i_0_500,384,0.0002095,0.0,0.0,0.005238,0.0,474.5
385,phase_i_0_500,385,0.0002957,0.03548,0.05,0.007392,0.5,555.5
386,phase_i_0_500,386,0.000192,0.06373,0.05,0.0048,0.5,361.8
387,phase_i_0_500,387,0.0001313,0.0498,0.04167,0.003283,0.25,377.2
388,phase_i_0_500,388,0.0001822,0.03458,0.03571,0.004556,0.1667,285.6
389,phase_i_0_500,389,0.0004181,0.08716,0.08333,0.01045,0.25,364.0
390,phase_i_0_500,390,0.0001218,0.0,0.0,0.003044,0.0,268.4
391,phase_i_0_500,391,0.0003137,0.04393,0.05,0.007841,0.5,459.6
392,phase_i_0_500,392,0.0003151,0.1346,0.15,0.007877,0.625,339.9
393,phase_i_0_500,393,0.0001836,0.04272,0.04167,0.00459,0.25,370.2
394,phase_i_0_500,394,0.0004663,0.0,0.0,0.01166,0.0,384.3
395,phase_i_0_500,395,0.0002069,0.123,0.1,0.005171,0.5,283.9
396,phase_i_0_500,396,0.0004352,0.5903,0.5,0.01088,1.0,267.9
397,phase_i_0_500,397,0.0004358,0.1259,0.15,0.0109,0.625,441.4
398,phase_i_0_500,398,0.0001803,0.1195,0.1,0.004506,0.5,170.1
399,phase_i_0_500,399,0.0001442,0.1864,0.15,0.003604,0.5,364.9
400,phase_i_0_500,400,0.0001483,0.06356,0.07143,0.003708,0.1667,374.8
401,phase_i_0_500,401,0.0005739,0.1756,0.15,0.01435,0.5,271.1
402,phase_i_0_500,402,0.0002098,0.4317,0.4,0.005246,0.4167,433.1
403,phase_i_0_500,403,0.0001622,0.3393,0.3333,0.004053,0.75,451.1
404,phase_i_0_500,404,0.0001879,0.1486,0.15,0.004698,0.5,366.4
405,phase_i_0_500,405,0.0001996,0.06971,0.08333,0.00499,0.25,254.0
406,phase_i_0_500,406,0.0002906,0.5257,0.3929,0.007266,0.1667,276.9
407,phase_i_0_500,407,0.0002975,0.565,0.5,0.007436,1.0,326.6
408,phase_i_0_500,408,0.0001705,0.1273,0.1,0.004264,0.5,278.2
409,phase_i_0_500,409,0.0003639,0.0,0.0,0.009097,0.0,235.3
410,phase_i_0_500,410,0.0001941,0.1663,0.2,0.004852,0.625,352.7
411,phase_i_0_500,411,0.0002831,0.0,0.0,0.007078,0.0,210.5
412,phase_i_0_500,412,0.0001822,0.05457,0.05,0.004555,0.5,131.7
413,phase_i_0_500,413,0.0001075,0.04518,0.05,0.002688,0.5,394.2
414,phase_i_0_500,414,0.000187,0.1769,0.15,0.004674,0.5,247.7
415,phase_i_0_500,415,0.0003283,0.4942,0.45,0.008208,0.4167,286.3
416,phase_i_0_500,416,0.0002353,0.08605,0.1,0.005884,0.5,375.2
417,phase_i_0_500,417,0.000192,0.04777,0.05,0.0048,0.5,214.6
418,phase_i_0_500,418,0.0001452,0.05578,0.05,0.003629,0.5,482.5
419,phase_i_0_500,419,0.0002813,0.1877,0.15,0.007032,0.5,423.2
420,phase_i_0_500,420,0.0002278,0.4525,0.3929,0.005694,0.1667,254.4
421,phase_i_0_500,421,0.0002237,0.5108,0.5833,0.005592,0.75,256.9
422,phase_i_0_500,422,0.0001728,0.1549,0.15,0.004319,0.5,277.4
423,phase_i_0_500,423,0.0002243,0.7343,0.625,0.005607,1.0,196.5
424,phase_i_0_500,424,0.0001918,0.09142,0.1,0.004795,0.5,410.2
425,phase_i_0_500,425,0.0003044,0.1927,0.15,0.007611,0.5,330.1
426,phase_i_0_500,426,0.0002046,0.09788,0.1,0.005116,0.625,411.2
427,phase_i_0_500,427,0.0001613,0.7851,0.625,0.004033,1.0,304.2
428,phase_i_0_500,428,0.0003499,0.4321,0.3929,0.008747,0.1667,313.4
429,phase_i_0_500,429,0.0008747,0.4406,0.4,0.02187,0.4167,269.1
430,phase_i_0_500,430,0.0001214,0.1938,0.15,0.003035,0.5,444.9
431,phase_i_0_500,431,0.0003157,0.02696,0.03571,0.007893,0.1667,243.6
432,phase_i_0_500,432,0.0003604,0.1284,0.15,0.00901,0.5,216.6
433,phase_i_0_500,433,0.0001868,0.0,0.0,0.00467,0.0,331.2
434,phase_i_0_500,434,0.0001453,0.1034,0.1,0.003631,0.5,405.0
435,phase_i_0_500,435,0.000167,0.544,0.5,0.004179,0.0,437.1
436,phase_i_0_500,436,0.000168,0.0,0.0,0.004199,0.0,544.0
437,phase_i_0_500,437,0.0001586,0.0,0.0,0.003966,0.0,273.1
438,phase_i_0_500,438,0.0001288,0.4308,0.375,0.003221,1.0,355.9
439,phase_i_0_500,439,0.0001711,0.1354,0.15,0.004278,0.5,409.3
440,phase_i_0_500,440,0.0003548,0.354,0.3571,0.008871,0.1667,386.7
441,phase_i_0_500,441,0.0002707,0.1637,0.15,0.006768,0.5,198.3
442,phase_i_0_500,442,0.0004107,0.5766,0.5,0.01026,0.0,242.9
443,phase_i_0_500,443,0.0001695,0.1039,0.1,0.004237,0.5,423.7
444,phase_i_0_500,444,0.0002776,0.09931,0.1,0.00694,0.625,368.9
445,phase_i_0_500,445,0.0001666,0.09173,0.08333,0.004165,0.25,285.0
446,phase_i_0_500,446,0.0008177,0.4486,0.5,0.02044,1.0,333.5
447,phase_i_0_500,447,0.0002093,0.1662,0.15,0.005234,0.5,220.6
448,phase_i_0_500,448,9.406e-05,0.1367,0.15,0.002351,0.5,416.8
449,phase_i_0_500,449,0.0003667,0.08288,0.1,0.009166,0.5,492.6
450,phase_i_0_500,450,0.0003189,0.05306,0.05,0.007973,0.5,280.1
451,phase_i_0_500,451,0.0002248,0.06269,0.05,0.00562,0.5,305.5
452,phase_i_0_500,452,0.000151,0.0,0.0,0.003774,0.0,444.2
453,phase_i_0_500,453,0.000317,0.3715,0.375,0.007926,1.0,255.0
454,phase_i_0_500,454,0.000235,0.7824,0.6875,0.005874,0.5,234.8
455,phase_i_0_500,455,0.0002578,0.2851,0.375,0.006445,1.0,349.4
456,phase_i_0_500,456,0.0004498,0.05673,0.05,0.01124,0.5,289.4
457,phase_i_0_500,457,0.0002276,1.223,0.95,0.005701,0.5,149.4
458,phase_i_0_500,458,0.0003069,0.1425,0.1,0.007673,0.5,259.8
459,phase_i_0_500,459,0.000355,0.5776,0.4688,0.008875,0.125,186.8
460,phase_i_0_500,460,0.0004207,1.132,0.95,0.01052,0.5,165.6
461,phase_i_0_500,461,0.0001493,0.0,0.0,0.003732,0.0,478.7
462,phase_i_0_500,462,0.0003311,0.0,0.0,0.008277,0.0,243.0
463,phase_i_0_500,463,0.0004581,0.0,0.0,0.01145,0.0,288.2
464,phase_i_0_500,464,0.000342,0.1499,0.2,0.008549,0.625,470.0
465,phase_i_0_500,465,0.0004757,0.5069,0.5,0.01189,1.0,253.6
466,phase_i_0_500,466,0.0002233,0.4201,0.3571,0.005582,0.1667,234.6
467,phase_i_0_500,467,0.0003189,0.5302,0.5,0.007973,1.0,279.6
468,phase_i_0_500,468,0.0003184,0.6004,0.5,0.007959,1.0,395.1
469,phase_i_0_500,469,0.0002125,0.0,0.0,0.005312,0.0,346.3
470,phase_i_0_500,470,0.0001606,0.0,0.0,0.004016,0.0,421.5
471,phase_i_0_500,471,0.0002529,0.0,0.0,0.006323,0.0,365.0
472,phase_i_0_500,472,0.0003583,0.1707,0.15,0.008958,0.5,270.5
473,phase_i_0_500,473,0.0002576,0.0387,0.04167,0.006441,0.25,252.8
474,phase_i_0_500,474,0.0003033,0.526,0.4375,0.007582,0.125,186.8
475,phase_i_0_500,475,0.0002465,0.0,0.0,0.006162,0.0,231.2
476,phase_i_0_500,476,0.0003483,0.2951,0.25,0.008707,0.25,312.6
477,phase_i_0_500,477,0.0001843,0.03741,0.04167,0.004608,0.25,299.0
478,phase_i_0_500,478,0.0002103,0.02771,0.03125,0.005258,0.125,350.5
479,phase_i_0_500,479,0.00015,0.0,0.0,0.003749,0.0,449.6
480,phase_i_0_500,480,0.0003516,0.7197,0.6667,0.008789,0.75,256.7
481,phase_i_0_500,481,0.0004251,0.1995,0.1875,0.01063,0.6667,214.6
482,phase_i_0_500,482,0.000256,0.4433,0.375,0.006401,1.0,255.8
483,phase_i_0_500,483,0.0002646,0.3515,0.3333,0.006615,0.75,344.0
484,phase_i_0_500,484,0.0001897,0.09636,0.1,0.004744,0.5,437.1
485,phase_i_0_500,485,0.0003338,0.0,0.0,0.008344,0.0,251.6
486,phase_i_0_500,486,0.0002163,0.1591,0.15,0.005407,0.5,308.9
487,phase_i_0_500,487,0.0002004,0.03699,0.03571,0.005011,0.1667,361.3
488,phase_i_0_500,488,0.0001031,0.0,0.0,0.002578,0.0,434.4
489,phase_i_0_500,489,0.0001672,0.04362,0.05,0.00418,0.5,597.0
490,phase_i_0_500,490,0.0003135,0.0,0.0,0.007838,0.0,238.9
491,phase_i_0_500,491,0.0003542,0.2071,0.15,0.008853,0.5,302.7
492,phase_i_0_500,492,0.0001784,0.04806,0.05,0.004461,0.5,412.3
493,phase_i_0_500,493,0.0001552,0.0,0.0,0.003881,0.0,224.6
494,phase_i_0_500,494,0.0002744,0.0,0.0,0.00686,0.0,219.8
495,phase_i_0_500,495,0.0001968,0.1697,0.15,0.00492,0.5,419.0
496,phase_i_0_500,496,0.0001949,0.176,0.15,0.00487,0.5,266.4
497,phase_i_0_500,497,0.0003962,0.4157,0.3438,0.009905,0.125,246.8
498,phase_i_0_500,498,0.0002036,0.0,0.0,0.00509,0.0,295.1
499,phase_i_0_500,499,0.0006314,0.1941,0.15,0.01578,0.5,159.1
500,phase_ii_resumed_500_1000,1,5.288e-05,0.1135,0.1,0.001322,0.5,415.8
501,phase_ii_resumed_500_1000,2,2.779e-05,0.8555,0.75,0.0006952,1.0,193.2
502,phase_ii_resumed_500_1000,3,0.0001029,0.2034,0.15,0.002571,0.5,237.8
503,phase_ii_resumed_500_1000,4,6.363e-05,0.4587,0.5,0.001589,1.0,349.2
504,phase_ii_resumed_500_1000,5,4.711e-05,0.0,0.0,0.001178,0.0,278.8
505,phase_ii_resumed_500_1000,6,9.009e-05,0.06441,0.1,0.002252,0.5,414.8
506,phase_ii_resumed_500_1000,7,5.949e-05,0.4075,0.375,0.001488,1.0,318.8
507,phase_ii_resumed_500_1000,8,7.827e-05,0.0,0.0,0.001957,0.0,343.5
508,phase_ii_resumed_500_1000,9,4.017e-05,0.0,0.0,0.001004,0.0,450.4
509,phase_ii_resumed_500_1000,10,7.5e-05,0.06277,0.05,0.001875,0.5,364.6
510,phase_ii_resumed_500_1000,11,5.664e-05,0.01587,0.03125,0.001416,0.125,254.1
511,phase_ii_resumed_500_1000,12,5.23e-05,0.5938,0.5,0.00131,0.0,338.3
512,phase_ii_resumed_500_1000,13,5.899e-05,0.0,0.0,0.001475,0.0,340.0
513,phase_ii_resumed_500_1000,14,5.866e-05,0.1318,0.15,0.001467,0.5,589.9
514,phase_ii_resumed_500_1000,15,3.748e-05,0.1486,0.15,0.0009361,0.5,348.6
515,phase_ii_resumed_500_1000,16,6.582e-05,0.1967,0.15,0.001644,0.5,210.7
516,phase_ii_resumed_500_1000,17,5.952e-05,0.6001,0.625,0.001487,1.0,420.4
517,phase_ii_resumed_500_1000,18,7.269e-05,0.3502,0.3333,0.001818,0.75,246.8
518,phase_ii_resumed_500_1000,19,7.815e-05,0.2914,0.25,0.001955,0.75,134.7
519,phase_ii_resumed_500_1000,20,0.0001195,0.08325,0.1,0.002988,0.5,373.8
520,phase_ii_resumed_500_1000,21,4.995e-05,0.6749,0.625,0.001249,1.0,290.9
521,phase_ii_resumed_500_1000,22,7.22e-05,0.1432,0.15,0.001806,0.5,597.1
522,phase_ii_resumed_500_1000,23,4.357e-05,0.3062,0.2917,0.001088,0.25,210.4
523,phase_ii_resumed_500_1000,24,6.354e-05,0.6918,0.65,0.001589,0.4167,338.6
524,phase_ii_resumed_500_1000,25,9.521e-05,0.1112,0.1,0.00238,0.5,215.8
525,phase_ii_resumed_500_1000,26,0.0001094,0.4079,0.3333,0.002734,0.75,293.9
526,phase_ii_resumed_500_1000,27,7.323e-05,0.7987,0.6667,0.001831,0.75,363.2
527,phase_ii_resumed_500_1000,28,5.518e-05,1.021,0.9,0.00138,0.5,245.8
528,phase_ii_resumed_500_1000,29,0.0001089,0.259,0.25,0.002723,0.75,362.9
529,phase_ii_resumed_500_1000,30,6.359e-05,0.05496,0.05,0.00159,0.5,346.9
530,phase_ii_resumed_500_1000,31,0.0001003,0.343,0.35,0.002509,0.4167,297.0
531,phase_ii_resumed_500_1000,32,5.886e-05,0.7634,0.625,0.001471,1.0,241.9
532,phase_ii_resumed_500_1000,33,5.232e-05,0.1801,0.15,0.001309,0.5,284.5
533,phase_ii_resumed_500_1000,34,4.7e-05,0.09949,0.1,0.001175,0.5,267.5
534,phase_ii_resumed_500_1000,35,0.0001141,0.05142,0.05,0.002852,0.5,236.2
535,phase_ii_resumed_500_1000,36,9.581e-05,0.3261,0.3333,0.002395,0.75,284.4
536,phase_ii_resumed_500_1000,37,8.783e-05,0.1038,0.08333,0.002195,0.25,388.4
537,phase_ii_resumed_500_1000,38,6.716e-05,0.393,0.375,0.001679,1.0,239.2
538,phase_ii_resumed_500_1000,39,0.0002817,1.028,0.875,0.007041,0.5,210.2
539,phase_ii_resumed_500_1000,40,7.811e-05,0.952,0.7083,0.00195,0.25,231.5
540,phase_ii_resumed_500_1000,41,3.986e-05,0.05268,0.05,0.0009962,0.5,300.2
541,phase_ii_resumed_500_1000,42,7.007e-05,0.0499,0.05,0.001751,0.5,394.4
542,phase_ii_resumed_500_1000,43,8.747e-05,0.218,0.25,0.002187,0.75,272.6
543,phase_ii_resumed_500_1000,44,6.853e-05,0.1898,0.15,0.001714,0.5,272.8
544,phase_ii_resumed_500_1000,45,9.682e-05,0.1983,0.15,0.002421,0.5,431.7
545,phase_ii_resumed_500_1000,46,5.147e-05,0.6352,0.625,0.001286,1.0,412.5
546,phase_ii_resumed_500_1000,47,7.489e-05,0.1905,0.15,0.001872,0.5,247.3
547,phase_ii_resumed_500_1000,48,9.839e-05,1.104,0.95,0.00246,0.5,157.3
548,phase_ii_resumed_500_1000,49,6.894e-05,0.5747,0.5,0.001723,1.0,288.0
549,phase_ii_resumed_500_1000,50,5.732e-05,0.0,0.0,0.001433,0.0,370.6
550,phase_ii_resumed_500_1000,51,0.0001247,0.1175,0.1,0.003117,0.5,364.4
551,phase_ii_resumed_500_1000,52,6.345e-05,0.7525,0.75,0.001586,1.0,243.4
552,phase_ii_resumed_500_1000,53,0.0001254,0.0,0.0,0.003135,0.0,267.3
553,phase_ii_resumed_500_1000,54,0.0001303,0.5444,0.5,0.00326,0.5,314.8
554,phase_ii_resumed_500_1000,55,5.823e-05,0.3252,0.3333,0.001455,0.75,426.0
555,phase_ii_resumed_500_1000,56,0.0001165,0.5291,0.5,0.002913,1.0,324.4
556,phase_ii_resumed_500_1000,57,0.0001498,0.2819,0.25,0.003745,1.0,180.1
557,phase_ii_resumed_500_1000,58,0.0001483,0.9363,0.8125,0.003707,0.6667,170.8
558,phase_ii_resumed_500_1000,59,0.0001062,0.8092,0.75,0.002655,0.4167,271.2
559,phase_ii_resumed_500_1000,60,0.0001118,0.7846,0.625,0.002795,1.0,266.4
560,phase_ii_resumed_500_1000,61,0.000129,0.4264,0.3571,0.003226,0.1667,362.7
561,phase_ii_resumed_500_1000,62,7.74e-05,0.1599,0.15,0.001936,0.5,254.9
562,phase_ii_resumed_500_1000,63,6.831e-05,0.0,0.0,0.001708,0.0,370.1
563,phase_ii_resumed_500_1000,64,0.0001339,0.2222,0.2,0.003347,0.625,329.6
564,phase_ii_resumed_500_1000,65,0.0001128,0.5472,0.5,0.002823,1.0,296.1
565,phase_ii_resumed_500_1000,66,0.000136,0.2437,0.2083,0.003401,0.25,465.2
566,phase_ii_resumed_500_1000,67,0.0002037,0.6725,0.6667,0.005093,0.75,169.2
567,phase_ii_resumed_500_1000,68,0.0001118,0.04608,0.04167,0.002796,0.25,335.5
568,phase_ii_resumed_500_1000,69,0.0001452,0.8977,0.75,0.003629,0.5,252.6
569,phase_ii_resumed_500_1000,70,6.063e-05,0.7492,0.75,0.001517,0.6667,307.9
570,phase_ii_resumed_500_1000,71,0.000155,0.1001,0.1,0.003876,0.5,553.9
571,phase_ii_resumed_500_1000,72,9.52e-05,0.1618,0.15,0.00238,0.5,481.1
572,phase_ii_resumed_500_1000,73,0.0001153,0.0,0.0,0.002883,0.0,245.0
573,phase_ii_resumed_500_1000,74,7.94e-05,0.05722,0.05,0.001985,0.5,364.6
574,phase_ii_resumed_500_1000,75,0.0001173,0.1206,0.1,0.002933,0.5,543.9
575,phase_ii_resumed_500_1000,76,0.0001857,0.7203,0.75,0.004642,1.0,170.6
576,phase_ii_resumed_500_1000,77,7.255e-05,0.1223,0.1,0.001813,0.5,264.4
577,phase_ii_resumed_500_1000,78,0.0002149,0.09432,0.1,0.005374,0.5,287.6
578,phase_ii_resumed_500_1000,79,0.0001156,0.1839,0.25,0.002891,1.0,329.0
579,phase_ii_resumed_500_1000,80,6.381e-05,0.1221,0.1,0.001596,0.5,311.6
580,phase_ii_resumed_500_1000,81,0.0002708,0.3658,0.2917,0.006772,0.25,410.4
581,phase_ii_resumed_500_1000,82,0.0001182,0.1759,0.15,0.002956,0.5,315.1
582,phase_ii_resumed_500_1000,83,0.0001385,0.9291,0.75,0.003463,0.75,343.8
583,phase_ii_resumed_500_1000,84,0.0007008,0.8674,0.75,0.01752,0.6667,239.9
584,phase_ii_resumed_500_1000,85,0.0001047,0.1706,0.15,0.002617,0.5,274.9
585,phase_ii_resumed_500_1000,86,0.0001668,0.1634,0.15,0.004172,0.5,316.9
586,phase_ii_resumed_500_1000,87,0.0001133,0.0,0.0,0.002832,0.0,282.9
587,phase_ii_resumed_500_1000,88,0.0002387,0.0,0.0,0.005969,0.0,203.3
588,phase_ii_resumed_500_1000,89,0.0002581,0.0603,0.07143,0.006453,0.1667,308.0
589,phase_ii_resumed_500_1000,90,0.0001312,0.0,0.0,0.00328,0.0,218.4
590,phase_ii_resumed_500_1000,91,0.0001364,0.0,0.0,0.00341,0.0,253.8
591,phase_ii_resumed_500_1000,92,0.0002022,0.2417,0.3125,0.005055,0.6667,317.9
592,phase_ii_resumed_500_1000,93,0.0001285,0.08856,0.1,0.003212,0.5,562.0
593,phase_ii_resumed_500_1000,94,0.0004391,0.09672,0.1,0.01098,0.5,319.1
594,phase_ii_resumed_500_1000,95,0.0001451,0.4942,0.5,0.003628,0.75,330.9
595,phase_ii_resumed_500_1000,96,0.0003429,0.9473,0.875,0.008574,0.6667,130.7
596,phase_ii_resumed_500_1000,97,0.0001387,0.2085,0.15,0.003469,0.5,244.6
597,phase_ii_resumed_500_1000,98,0.0001456,0.9778,0.8125,0.003641,0.6667,323.4
598,phase_ii_resumed_500_1000,99,0.0001618,0.1742,0.15,0.004044,0.5,237.9
599,phase_ii_resumed_500_1000,100,0.0001615,0.0,0.0,0.004038,0.0,359.1
600,phase_ii_resumed_500_1000,101,0.0001244,0.2434,0.3125,0.003109,0.6667,234.0
601,phase_ii_resumed_500_1000,102,8.19e-05,0.0437,0.05,0.002048,0.5,163.8
602,phase_ii_resumed_500_1000,103,6.877e-05,0.09571,0.1,0.001719,0.5,344.4
603,phase_ii_resumed_500_1000,104,0.000334,0.1032,0.1,0.00835,0.5,135.8
604,phase_ii_resumed_500_1000,105,0.0001645,0.2488,0.25,0.004113,0.6667,194.5
605,phase_ii_resumed_500_1000,106,9.833e-05,0.1287,0.1,0.002458,0.5,379.2
606,phase_ii_resumed_500_1000,107,0.0001345,0.655,0.5,0.003362,1.0,297.1
607,phase_ii_resumed_500_1000,108,0.0002124,0.4329,0.375,0.00531,1.0,261.1
608,phase_ii_resumed_500_1000,109,8.395e-05,0.5616,0.5625,0.002098,0.5,316.7
609,phase_ii_resumed_500_1000,110,0.0001705,0.3011,0.25,0.004263,1.0,285.9
610,phase_ii_resumed_500_1000,111,0.0001012,0.09334,0.1,0.002528,0.5,346.1
611,phase_ii_resumed_500_1000,112,9.634e-05,0.03512,0.04167,0.002409,0.25,373.0
612,phase_ii_resumed_500_1000,113,3.475e-05,0.6045,0.5,0.000862,0.0,146.1
613,phase_ii_resumed_500_1000,114,0.0001722,0.8833,0.9,0.004298,0.5,163.6
614,phase_ii_resumed_500_1000,115,0.0001041,0.0,0.0,0.002602,0.0,396.9
615,phase_ii_resumed_500_1000,116,8.95e-05,0.04358,0.04167,0.002238,0.25,220.7
616,phase_ii_resumed_500_1000,117,0.0001688,0.08344,0.1,0.004219,0.5,265.9
617,phase_ii_resumed_500_1000,118,0.000159,0.7478,0.75,0.003974,0.75,193.9
618,phase_ii_resumed_500_1000,119,0.0002009,0.773,0.6667,0.005024,0.75,199.2
619,phase_ii_resumed_500_1000,120,0.0002068,0.1234,0.1,0.005171,0.5,239.2
620,phase_ii_resumed_500_1000,121,0.0001068,0.04063,0.05,0.00267,0.5,141.3
621,phase_ii_resumed_500_1000,122,0.0001092,0.1245,0.1,0.00273,0.5,227.3
622,phase_ii_resumed_500_1000,123,0.0001937,0.1742,0.15,0.004842,0.5,213.0
623,phase_ii_resumed_500_1000,124,0.0001099,0.1533,0.15,0.002747,0.4167,256.2
624,phase_ii_resumed_500_1000,125,0.0001273,0.6386,0.625,0.003183,1.0,285.9
625,phase_ii_resumed_500_1000,126,0.0001468,0.0634,0.05,0.003669,0.5,260.8
626,phase_ii_resumed_500_1000,127,0.0001655,0.1003,0.1,0.004137,0.5,346.9
627,phase_ii_resumed_500_1000,128,0.000102,0.03138,0.04167,0.002549,0.25,585.2
628,phase_ii_resumed_500_1000,129,0.0001062,0.0,0.0,0.002655,0.0,336.8
629,phase_ii_resumed_500_1000,130,0.0001452,0.0,0.0,0.003629,0.0,398.7
630,phase_ii_resumed_500_1000,131,6.634e-05,0.0,0.0,0.001658,0.0,431.2
631,phase_ii_resumed_500_1000,132,4.585e-05,0.03627,0.05,0.001146,0.5,286.9
632,phase_ii_resumed_500_1000,133,0.0001354,0.2014,0.25,0.003386,0.6667,293.3
633,phase_ii_resumed_500_1000,134,5.966e-05,0.0,0.0,0.001492,0.0,284.3
634,phase_ii_resumed_500_1000,135,0.0001836,0.2528,0.25,0.00459,1.0,299.0
635,phase_ii_resumed_500_1000,136,9.506e-05,0.6805,0.75,0.002375,1.0,373.2
636,phase_ii_resumed_500_1000,137,0.0001256,0.0,0.0,0.00314,0.0,309.0
637,phase_ii_resumed_500_1000,138,8.64e-05,0.0,0.0,0.00216,0.0,202.7
638,phase_ii_resumed_500_1000,139,0.0001272,0.08021,0.1,0.003178,0.5,183.3
639,phase_ii_resumed_500_1000,140,8.58e-05,0.0,0.0,0.002145,0.0,507.0
640,phase_ii_resumed_500_1000,141,9.12e-05,0.1511,0.15,0.002279,0.5,267.6
641,phase_ii_resumed_500_1000,142,0.0001147,0.454,0.4,0.002868,0.4167,399.9
642,phase_ii_resumed_500_1000,143,0.0004435,0.516,0.4375,0.01109,0.125,133.0
643,phase_ii_resumed_500_1000,144,0.0001013,0.0,0.0,0.002532,0.0,318.3
644,phase_ii_resumed_500_1000,145,0.0001467,0.2954,0.2917,0.003669,0.25,337.0
645,phase_ii_resumed_500_1000,146,8.55e-05,0.1545,0.15,0.002137,0.5,489.8
646,phase_ii_resumed_500_1000,147,0.0001307,0.05612,0.05,0.003266,0.5,246.7
647,phase_ii_resumed_500_1000,148,0.0001484,0.6486,0.5,0.003711,0.5,192.5
648,phase_ii_resumed_500_1000,149,8.736e-05,0.01667,0.04167,0.002184,0.25,332.9
649,phase_ii_resumed_500_1000,150,6.472e-05,0.0,0.0,0.001618,0.0,314.8
650,phase_ii_resumed_500_1000,151,4.699e-05,0.04334,0.05,0.001175,0.5,380.6
651,phase_ii_resumed_500_1000,152,8.833e-05,0.7289,0.75,0.002208,1.0,214.4
652,phase_ii_resumed_500_1000,153,8.093e-05,0.0,0.0,0.002023,0.0,378.8
653,phase_ii_resumed_500_1000,154,0.0001623,0.3362,0.2917,0.004058,0.25,240.8
654,phase_ii_resumed_500_1000,155,7.349e-05,0.3604,0.375,0.001837,1.0,358.5
655,phase_ii_resumed_500_1000,156,0.0001161,0.0,0.0,0.002902,0.0,467.3
656,phase_ii_resumed_500_1000,157,8.581e-05,0.09668,0.08333,0.002145,0.25,451.5
657,phase_ii_resumed_500_1000,158,6.968e-05,0.0,0.0,0.001742,0.0,334.7
658,phase_ii_resumed_500_1000,159,6.973e-05,0.05987,0.05,0.001743,0.5,501.2
659,phase_ii_resumed_500_1000,160,0.000119,0.04812,0.05,0.002976,0.5,210.8
660,phase_ii_resumed_500_1000,161,7.635e-05,0.0,0.0,0.001909,0.0,447.8
661,phase_ii_resumed_500_1000,162,7.218e-05,0.5383,0.5,0.001805,1.0,275.5
662,phase_ii_resumed_500_1000,163,0.0001852,0.2873,0.25,0.004631,1.0,197.6
663,phase_ii_resumed_500_1000,164,6.527e-05,0.0,0.0,0.001632,0.0,269.5
664,phase_ii_resumed_500_1000,165,9.817e-05,0.0,0.0,0.002454,0.0,280.5
665,phase_ii_resumed_500_1000,166,0.0001951,0.4306,0.45,0.004877,0.4167,332.9
666,phase_ii_resumed_500_1000,167,0.0001563,0.02445,0.05,0.003907,0.5,320.6
667,phase_ii_resumed_500_1000,168,0.0001634,0.8548,0.85,0.004086,0.625,179.6
668,phase_ii_resumed_500_1000,169,0.0001097,0.314,0.3333,0.002743,0.75,424.5
669,phase_ii_resumed_500_1000,170,9.778e-05,0.0,0.0,0.002444,0.0,340.0
670,phase_ii_resumed_500_1000,171,0.0001526,0.1964,0.15,0.003815,0.5,210.5
671,phase_ii_resumed_500_1000,172,5.998e-05,0.6465,0.625,0.001499,1.0,282.4
672,phase_ii_resumed_500_1000,173,5.094e-05,0.05438,0.05,0.001274,0.5,329.3
673,phase_ii_resumed_500_1000,174,7.754e-05,0.1027,0.1,0.001938,0.5,197.2
674,phase_ii_resumed_500_1000,175,6.393e-05,0.901,0.9286,0.001601,0.1667,242.6
675,phase_ii_resumed_500_1000,176,0.0001281,0.04471,0.05,0.003205,0.5,457.2
676,phase_ii_resumed_500_1000,177,0.0001135,0.3981,0.375,0.002838,1.0,296.8
677,phase_ii_resumed_500_1000,178,0.0001593,0.1721,0.15,0.003982,0.5,228.9
678,phase_ii_resumed_500_1000,179,6.679e-05,0.0976,0.1,0.00167,0.5,457.9
679,phase_ii_resumed_500_1000,180,9.688e-05,0.4409,0.3333,0.002423,0.75,404.6
680,phase_ii_resumed_500_1000,181,7.579e-05,0.0654,0.07143,0.001895,0.1667,473.2
681,phase_ii_resumed_500_1000,182,7.012e-05,0.0,0.0,0.001753,0.0,358.5
682,phase_ii_resumed_500_1000,183,9.842e-05,0.1744,0.15,0.00246,0.5,289.0
683,phase_ii_resumed_500_1000,184,0.0001355,0.0,0.0,0.003388,0.0,472.1
684,phase_ii_resumed_500_1000,185,8.533e-05,0.8244,0.6667,0.002132,0.75,221.2
685,phase_ii_resumed_500_1000,186,7.563e-05,0.0,0.0,0.001891,0.0,280.4
686,phase_ii_resumed_500_1000,187,7.937e-05,0.06164,0.05,0.001985,0.5,255.8
687,phase_ii_resumed_500_1000,188,0.000138,0.3401,0.2917,0.00345,0.25,314.0
688,phase_ii_resumed_500_1000,189,7.207e-05,0.0,0.0,0.001802,0.0,403.1
689,phase_ii_resumed_500_1000,190,7.036e-05,0.05741,0.08333,0.001759,0.25,389.0
690,phase_ii_resumed_500_1000,191,8.412e-05,0.4135,0.375,0.002104,1.0,264.8
691,phase_ii_resumed_500_1000,192,0.0001245,0.1241,0.1,0.003113,0.5,401.9
692,phase_ii_resumed_500_1000,193,0.0002748,0.1161,0.15,0.006871,0.625,337.2
693,phase_ii_resumed_500_1000,194,0.0001041,0.1041,0.1,0.002604,0.5,221.0
694,phase_ii_resumed_500_1000,195,0.000154,0.05336,0.05,0.003849,0.5,278.6
695,phase_ii_resumed_500_1000,196,0.0001302,0.05163,0.05,0.003254,0.5,443.8
696,phase_ii_resumed_500_1000,197,0.0001482,0.0,0.0,0.003705,0.0,257.1
697,phase_ii_resumed_500_1000,198,7.557e-05,0.5957,0.6667,0.001889,0.75,375.5
698,phase_ii_resumed_500_1000,199,0.0001434,0.05369,0.05,0.003584,0.5,337.4
699,phase_ii_resumed_500_1000,200,7.093e-05,0.02573,0.04167,0.001774,0.25,390.9
700,phase_ii_resumed_500_1000,201,0.0001424,0.5242,0.5,0.00357,0.0,246.2
701,phase_ii_resumed_500_1000,202,0.000119,0.9562,0.875,0.002976,0.6667,197.9
702,phase_ii_resumed_500_1000,203,0.0001005,0.1066,0.1,0.002513,0.5,386.0
703,phase_ii_resumed_500_1000,204,0.0001047,0.0,0.0,0.002618,0.0,311.1
704,phase_ii_resumed_500_1000,205,8.17e-05,0.0,0.0,0.002042,0.0,468.4
705,phase_ii_resumed_500_1000,206,0.0001161,0.2961,0.25,0.002903,0.25,236.8
706,phase_ii_resumed_500_1000,207,8.223e-05,0.0,0.0,0.002056,0.0,453.9
707,phase_ii_resumed_500_1000,208,9.363e-05,0.6112,0.625,0.00234,1.0,243.4
708,phase_ii_resumed_500_1000,209,0.000176,0.5616,0.5,0.0044,1.0,291.0
709,phase_ii_resumed_500_1000,210,9.322e-05,0.0329,0.03571,0.00233,0.1667,342.8
710,phase_ii_resumed_500_1000,211,0.0001002,0.1896,0.1667,0.002506,0.75,271.4
711,phase_ii_resumed_500_1000,212,0.0001065,0.2494,0.25,0.002661,1.0,262.9
712,phase_ii_resumed_500_1000,213,0.0001225,0.0,0.0,0.003062,0.0,264.8
713,phase_ii_resumed_500_1000,214,0.000145,0.4174,0.375,0.003625,1.0,354.9
714,phase_ii_resumed_500_1000,215,8.632e-05,0.1034,0.1,0.002158,0.5,463.8
715,phase_ii_resumed_500_1000,216,9.286e-05,0.0,0.0,0.002321,0.0,298.3
716,phase_ii_resumed_500_1000,217,0.0001407,0.0,0.0,0.003519,0.0,424.8
717,phase_ii_resumed_500_1000,218,9.242e-05,0.04982,0.05,0.002311,0.5,553.5
718,phase_ii_resumed_500_1000,219,0.0001123,0.0,0.0,0.002807,0.0,398.2
719,phase_ii_resumed_500_1000,220,0.0001125,0.0,0.0,0.002813,0.0,279.6
720,phase_ii_resumed_500_1000,221,0.0001245,0.03889,0.05,0.003112,0.5,276.6
721,phase_ii_resumed_500_1000,222,7.164e-05,0.03934,0.05,0.001791,0.5,304.1
722,phase_ii_resumed_500_1000,223,6.101e-05,0.0,0.0,0.001525,0.0,376.9
723,phase_ii_resumed_500_1000,224,9.091e-05,0.3566,0.2917,0.002271,0.25,459.5
724,phase_ii_resumed_500_1000,225,8.552e-05,0.0,0.0,0.002138,0.0,267.1
725,phase_ii_resumed_500_1000,226,0.0001253,0.04693,0.05,0.003133,0.5,421.6
726,phase_ii_resumed_500_1000,227,9.979e-05,0.5268,0.4375,0.002495,0.6667,214.1
727,phase_ii_resumed_500_1000,228,9.67e-05,0.1158,0.1,0.002418,0.5,501.9
728,phase_ii_resumed_500_1000,229,8.144e-05,0.0,0.0,0.002036,0.0,291.1
729,phase_ii_resumed_500_1000,230,0.000114,0.09648,0.1,0.002849,0.5,332.1
730,phase_ii_resumed_500_1000,231,0.0001055,0.08314,0.1,0.002638,0.5,465.9
731,phase_ii_resumed_500_1000,232,7.751e-05,0.03324,0.03125,0.001938,0.125,291.7
732,phase_ii_resumed_500_1000,233,0.0001097,0.06139,0.05,0.002741,0.5,253.2
733,phase_ii_resumed_500_1000,234,8.09e-05,0.6507,0.6875,0.002023,0.6667,262.3
734,phase_ii_resumed_500_1000,235,6.636e-05,0.0,0.0,0.001659,0.0,384.6
735,phase_ii_resumed_500_1000,236,0.0001164,0.1228,0.1,0.002909,0.5,233.3
736,phase_ii_resumed_500_1000,237,4.346e-05,0.1172,0.1,0.001086,0.5,350.4
737,phase_ii_resumed_500_1000,238,9.418e-05,0.1093,0.1,0.002354,0.5,218.8
738,phase_ii_resumed_500_1000,239,0.0001002,0.7169,0.75,0.002505,1.0,405.9
739,phase_ii_resumed_500_1000,240,7.622e-05,0.05001,0.05,0.001906,0.5,343.3
740,phase_ii_resumed_500_1000,241,8.655e-05,0.3749,0.375,0.002163,1.0,444.4
741,phase_ii_resumed_500_1000,242,4.72e-05,0.1758,0.15,0.00118,0.5,329.0
742,phase_ii_resumed_500_1000,243,0.0001037,0.2638,0.25,0.002592,1.0,355.8
743,phase_ii_resumed_500_1000,244,0.0001202,0.0,0.0,0.003005,0.0,182.9
744,phase_ii_resumed_500_1000,245,7.436e-05,0.1467,0.15,0.001858,0.5,258.6
745,phase_ii_resumed_500_1000,246,9.484e-05,0.2937,0.25,0.002371,0.75,240.8
746,phase_ii_resumed_500_1000,247,6.56e-05,0.1607,0.15,0.00164,0.5,358.4
747,phase_ii_resumed_500_1000,248,6.136e-05,0.0,0.0,0.001534,0.0,535.6
748,phase_ii_resumed_500_1000,249,7.294e-05,0.1643,0.15,0.001823,0.5,372.4
749,phase_ii_resumed_500_1000,250,0.0001546,0.2525,0.25,0.003865,0.75,250.5
750,phase_ii_resumed_500_1000,251,0.0001161,0.6311,0.5,0.002896,0.0,226.4
751,phase_ii_resumed_500_1000,252,0.0001341,0.5579,0.5,0.003352,0.4167,283.9
752,phase_ii_resumed_500_1000,253,0.00017,0.08893,0.08333,0.00425,0.25,366.7
753,phase_ii_resumed_500_1000,254,7.809e-05,0.2694,0.25,0.001952,0.25,384.0
754,phase_ii_resumed_500_1000,255,0.0001084,0.1804,0.15,0.002708,0.5,528.4
755,phase_ii_resumed_500_1000,256,7.178e-05,0.7056,0.6667,0.001795,0.75,299.5
756,phase_ii_resumed_500_1000,257,0.0001088,0.0,0.0,0.00272,0.0,325.7
757,phase_ii_resumed_500_1000,258,9.272e-05,1.086,0.9,0.002315,0.5,211.6
758,phase_ii_resumed_500_1000,259,0.0001377,0.1482,0.125,0.003442,0.25,407.6
759,phase_ii_resumed_500_1000,260,8.054e-05,0.0,0.0,0.002013,0.0,245.4
760,phase_ii_resumed_500_1000,261,0.0001003,0.2209,0.25,0.002507,1.0,416.6
761,phase_ii_resumed_500_1000,262,0.0001311,0.0369,0.04167,0.003278,0.25,322.3
762,phase_ii_resumed_500_1000,263,5.577e-05,0.5484,0.5,0.001395,0.6667,271.2
763,phase_ii_resumed_500_1000,264,6.977e-05,0.5161,0.5,0.001752,0.0,331.8
764,phase_ii_resumed_500_1000,265,8.936e-05,0.0,0.0,0.002234,0.0,295.6
765,phase_ii_resumed_500_1000,266,0.0001509,0.3126,0.3,0.003771,0.4167,256.9
766,phase_ii_resumed_500_1000,267,7.102e-05,0.0,0.0,0.001776,0.0,372.9
767,phase_ii_resumed_500_1000,268,8.878e-05,0.1371,0.1,0.00222,0.5,218.2
768,phase_ii_resumed_500_1000,269,5.793e-05,0.0595,0.05,0.001449,0.5,438.1
769,phase_ii_resumed_500_1000,270,6.102e-05,0.67,0.625,0.001525,1.0,228.9
770,phase_ii_resumed_500_1000,271,8.882e-05,0.0,0.0,0.002221,0.0,220.1
771,phase_ii_resumed_500_1000,272,7.527e-05,0.0545,0.0625,0.001881,0.125,452.3
772,phase_ii_resumed_500_1000,273,0.0001174,0.3012,0.2917,0.002935,0.25,218.0
773,phase_ii_resumed_500_1000,274,6.762e-05,0.0,0.0,0.001691,0.0,524.0
774,phase_ii_resumed_500_1000,275,8.38e-05,0.6526,0.5625,0.002095,0.5,358.4
775,phase_ii_resumed_500_1000,276,8.146e-05,0.0,0.0,0.002036,0.0,311.9
776,phase_ii_resumed_500_1000,277,6.887e-05,0.07215,0.08333,0.001721,0.25,404.8
777,phase_ii_resumed_500_1000,278,6.857e-05,0.7096,0.6667,0.001714,0.75,229.6
778,phase_ii_resumed_500_1000,279,0.0001056,0.2336,0.2083,0.00264,0.25,325.3
779,phase_ii_resumed_500_1000,280,0.0001574,0.06267,0.05,0.003935,0.5,263.9
780,phase_ii_resumed_500_1000,281,9.686e-05,0.3427,0.375,0.00242,1.0,575.4
781,phase_ii_resumed_500_1000,282,0.0001347,0.373,0.3214,0.003366,0.1667,392.4
782,phase_ii_resumed_500_1000,283,0.0001144,0.3072,0.2917,0.002861,0.25,331.7
783,phase_ii_resumed_500_1000,284,0.0001314,0.1375,0.1,0.003286,0.5,162.0
784,phase_ii_resumed_500_1000,285,0.0001475,0.0,0.0,0.003688,0.0,436.1
785,phase_ii_resumed_500_1000,286,0.0001066,0.0,0.0,0.002664,0.0,332.7
786,phase_ii_resumed_500_1000,287,8.553e-05,0.1085,0.1,0.002138,0.5,352.4
787,phase_ii_resumed_500_1000,288,0.0001778,0.163,0.15,0.004443,0.5,411.0
788,phase_ii_resumed_500_1000,289,8.475e-05,0.05622,0.05,0.002119,0.5,394.5
789,phase_ii_resumed_500_1000,290,9.02e-05,0.0,0.0,0.002255,0.0,519.1
790,phase_ii_resumed_500_1000,291,6.101e-05,0.0,0.0,0.001525,0.0,317.9
791,phase_ii_resumed_500_1000,292,0.0001443,0.257,0.25,0.003608,1.0,364.0
792,phase_ii_resumed_500_1000,293,0.0001144,0.1064,0.1,0.002861,0.5,257.4
793,phase_ii_resumed_500_1000,294,5.542e-05,0.06255,0.05,0.001385,0.5,325.0
794,phase_ii_resumed_500_1000,295,0.0001044,0.0,0.0,0.002611,0.0,214.2
795,phase_ii_resumed_500_1000,296,0.0001367,0.0,0.0,0.003416,0.0,288.3
796,phase_ii_resumed_500_1000,297,6.936e-05,0.09474,0.1,0.001734,0.5,389.9
797,phase_ii_resumed_500_1000,298,8.725e-05,0.1763,0.15,0.002181,0.5,338.2
798,phase_ii_resumed_500_1000,299,0.0001614,0.1422,0.15,0.004035,0.625,222.2
799,phase_ii_resumed_500_1000,300,0.0001135,0.1703,0.15,0.002838,0.5,244.9
800,phase_ii_resumed_500_1000,301,5.182e-05,0.3132,0.25,0.001295,0.25,501.2
801,phase_ii_resumed_500_1000,302,0.0001415,0.0,0.0,0.003537,0.0,464.1
802,phase_ii_resumed_500_1000,303,9.856e-05,0.1019,0.125,0.002464,0.6667,252.8
803,phase_ii_resumed_500_1000,304,8.841e-05,0.1956,0.15,0.002209,0.5,441.9
804,phase_ii_resumed_500_1000,305,9.266e-05,0.1017,0.1,0.002316,0.5,315.4
805,phase_ii_resumed_500_1000,306,0.0001326,0.08628,0.1,0.003314,0.5,372.8
806,phase_ii_resumed_500_1000,307,8.624e-05,0.7628,0.75,0.002155,0.6667,363.4
807,phase_ii_resumed_500_1000,308,9.703e-05,0.5529,0.5,0.002427,1.0,254.9
808,phase_ii_resumed_500_1000,309,7.827e-05,0.7959,0.6667,0.001957,0.75,425.1
809,phase_ii_resumed_500_1000,310,8.009e-05,0.6093,0.625,0.002002,1.0,313.5
810,phase_ii_resumed_500_1000,311,4.892e-05,0.294,0.3333,0.001223,0.75,458.8
811,phase_ii_resumed_500_1000,312,7.928e-05,0.4135,0.35,0.001982,0.4167,368.6
812,phase_ii_resumed_500_1000,313,7.381e-05,0.253,0.2083,0.001845,0.25,230.3
813,phase_ii_resumed_500_1000,314,9.917e-05,0.1405,0.1,0.002478,0.5,460.0
814,phase_ii_resumed_500_1000,315,8.791e-05,0.1608,0.15,0.002197,0.5,224.2
815,phase_ii_resumed_500_1000,316,0.0001486,0.2651,0.25,0.003716,0.75,367.6
816,phase_ii_resumed_500_1000,317,8.488e-05,0.03801,0.03571,0.002122,0.1667,347.4
817,phase_ii_resumed_500_1000,318,0.0001225,0.1654,0.15,0.003061,0.5,369.7
818,phase_ii_resumed_500_1000,319,8.817e-05,0.0,0.0,0.002204,0.0,456.3
819,phase_ii_resumed_500_1000,320,6.821e-05,0.05335,0.05,0.001706,0.5,471.8
820,phase_ii_resumed_500_1000,321,0.0001803,0.1133,0.1,0.004507,0.5,299.1
821,phase_ii_resumed_500_1000,322,9.711e-05,0.1801,0.15,0.002429,0.5,189.7
822,phase_ii_resumed_500_1000,323,0.0001676,0.9643,0.75,0.004192,1.0,218.1
823,phase_ii_resumed_500_1000,324,0.0001175,0.09267,0.08333,0.002939,0.25,358.4
824,phase_ii_resumed_500_1000,325,0.0001207,0.04347,0.04167,0.003016,0.25,439.4
825,phase_ii_resumed_500_1000,326,0.0001206,0.0,0.0,0.003016,0.0,484.3
826,phase_ii_resumed_500_1000,327,8.912e-05,1.108,0.85,0.002235,0.5,222.8
827,phase_ii_resumed_500_1000,328,9.602e-05,0.4704,0.375,0.002401,1.0,310.8
828,phase_ii_resumed_500_1000,329,0.0001443,0.211,0.25,0.003607,1.0,342.0
829,phase_ii_resumed_500_1000,330,0.0001383,0.167,0.15,0.003457,0.5,194.3
830,phase_ii_resumed_500_1000,331,8.834e-05,0.1057,0.1,0.002209,0.5,177.8
831,phase_ii_resumed_500_1000,332,0.0001207,0.0,0.0,0.003017,0.0,452.7
832,phase_ii_resumed_500_1000,333,6.795e-05,0.1215,0.1,0.001698,0.5,404.6
833,phase_ii_resumed_500_1000,334,7.456e-05,0.0,0.0,0.001864,0.0,337.7
834,phase_ii_resumed_500_1000,335,4.864e-05,0.8863,0.8333,0.001216,0.75,296.0
835,phase_ii_resumed_500_1000,336,8.222e-05,0.0,0.0,0.002056,0.0,432.0
836,phase_ii_resumed_500_1000,337,7.08e-05,0.04745,0.05,0.00177,0.5,230.2
837,phase_ii_resumed_500_1000,338,7.916e-05,0.09503,0.1,0.001979,0.5,244.1
838,phase_ii_resumed_500_1000,339,0.0001128,0.9472,0.75,0.002821,0.75,314.0
839,phase_ii_resumed_500_1000,340,0.0001139,0.04833,0.05,0.002846,0.5,408.7
840,phase_ii_resumed_500_1000,341,8.863e-05,0.0,0.0,0.002216,0.0,504.3
841,phase_ii_resumed_500_1000,342,6.295e-05,0.5089,0.5,0.001574,1.0,354.1
842,phase_ii_resumed_500_1000,343,9.459e-05,0.1959,0.1667,0.002365,0.75,364.4
843,phase_ii_resumed_500_1000,344,8.961e-05,0.1309,0.15,0.002241,0.5,476.8
844,phase_ii_resumed_500_1000,345,8.275e-05,0.04873,0.05,0.002069,0.5,261.5
845,phase_ii_resumed_500_1000,346,5.038e-05,0.4243,0.375,0.001259,1.0,402.9
846,phase_ii_resumed_500_1000,347,8.001e-05,0.7126,0.625,0.001999,1.0,267.0
847,phase_ii_resumed_500_1000,348,6.923e-05,0.1471,0.15,0.001731,0.625,414.6
848,phase_ii_resumed_500_1000,349,5.881e-05,0.3317,0.2917,0.001471,0.25,239.9
849,phase_ii_resumed_500_1000,350,8.488e-05,0.1096,0.1,0.002122,0.5,332.4
850,phase_ii_resumed_500_1000,351,9.43e-05,0.1188,0.1,0.002358,0.5,382.4
851,phase_ii_resumed_500_1000,352,0.0001486,0.2411,0.25,0.003715,0.25,177.8
852,phase_ii_resumed_500_1000,353,8.48e-05,0.1381,0.1,0.002119,0.5,368.2
853,phase_ii_resumed_500_1000,354,9.216e-05,0.4366,0.4,0.002304,0.4167,307.8
854,phase_ii_resumed_500_1000,355,8.301e-05,0.6535,0.5,0.002077,1.0,170.8
855,phase_ii_resumed_500_1000,356,7.267e-05,0.03299,0.03571,0.001817,0.1667,415.2
856,phase_ii_resumed_500_1000,357,8.085e-05,1.009,0.875,0.002021,0.375,193.2
857,phase_ii_resumed_500_1000,358,6.426e-05,0.0,0.0,0.001607,0.0,396.2
858,phase_ii_resumed_500_1000,359,0.0001018,0.5238,0.5,0.002544,1.0,392.5
859,phase_ii_resumed_500_1000,360,7.756e-05,0.4601,0.5,0.001939,1.0,332.1
860,phase_ii_resumed_500_1000,361,0.0001063,0.3118,0.3333,0.002658,0.75,317.1
861,phase_ii_resumed_500_1000,362,0.0001349,0.3297,0.2917,0.003372,0.25,284.1
862,phase_ii_resumed_500_1000,363,0.0001102,0.3593,0.3333,0.002755,0.75,365.1
863,phase_ii_resumed_500_1000,364,8.511e-05,0.0,0.0,0.002128,0.0,468.4
864,phase_ii_resumed_500_1000,365,8.976e-05,0.9492,0.75,0.002244,1.0,180.4
865,phase_ii_resumed_500_1000,366,8.227e-05,0.4417,0.35,0.002056,0.4167,213.9
866,phase_ii_resumed_500_1000,367,0.0001038,0.794,0.625,0.002593,1.0,270.0
867,phase_ii_resumed_500_1000,368,0.0001124,0.1758,0.15,0.002811,0.5,292.7
868,phase_ii_resumed_500_1000,369,0.0001067,1.18,0.9,0.002665,0.5,214.7
869,phase_ii_resumed_500_1000,370,0.0001235,0.05969,0.05,0.003087,0.5,298.1
870,phase_ii_resumed_500_1000,371,6.711e-05,0.325,0.2917,0.001678,0.25,154.7
871,phase_ii_resumed_500_1000,372,0.0001005,0.0,0.0,0.002513,0.0,396.0
872,phase_ii_resumed_500_1000,373,0.0001275,0.5238,0.5,0.003188,0.0,246.7
873,phase_ii_resumed_500_1000,374,8.274e-05,0.04378,0.05,0.002068,0.5,291.2
874,phase_ii_resumed_500_1000,375,0.0001187,0.1808,0.2,0.002966,0.625,366.4
875,phase_ii_resumed_500_1000,376,0.000113,0.0,0.0,0.002825,0.0,380.2
876,phase_ii_resumed_500_1000,377,0.0001122,0.1627,0.1667,0.002805,0.75,219.8
877,phase_ii_resumed_500_1000,378,8.259e-05,0.0,0.0,0.002065,0.0,266.2
878,phase_ii_resumed_500_1000,379,6.403e-05,0.0,0.0,0.001601,0.0,500.0
879,phase_ii_resumed_500_1000,380,5.779e-05,0.8142,0.6667,0.001445,0.75,319.8
880,phase_ii_resumed_500_1000,381,8.115e-05,0.1792,0.15,0.002029,0.5,243.2
881,phase_ii_resumed_500_1000,382,8.136e-05,0.0,0.0,0.002034,0.0,516.9
882,phase_ii_resumed_500_1000,383,0.0001771,0.0,0.0,0.004428,0.0,505.7
883,phase_ii_resumed_500_1000,384,0.0001205,0.0,0.0,0.003012,0.0,424.2
884,phase_ii_resumed_500_1000,385,0.001253,0.07733,0.07143,0.03132,0.1667,388.7
885,phase_ii_resumed_500_1000,386,9.981e-05,0.1777,0.15,0.002495,0.5,382.1
886,phase_ii_resumed_500_1000,387,0.0001683,0.0,0.0,0.004207,0.0,386.2
887,phase_ii_resumed_500_1000,388,8.24e-05,0.08448,0.08333,0.00206,0.25,291.2
888,phase_ii_resumed_500_1000,389,0.0001234,0.1187,0.1,0.003086,0.5,318.1
889,phase_ii_resumed_500_1000,390,6.268e-05,0.0,0.0,0.001567,0.0,257.2
890,phase_ii_resumed_500_1000,391,0.0001889,0.05663,0.05,0.004723,0.5,272.2
891,phase_ii_resumed_500_1000,392,0.0001222,0.4554,0.5,0.003055,1.0,230.0
892,phase_ii_resumed_500_1000,393,7.499e-05,0.06382,0.07143,0.001875,0.1667,383.2
893,phase_ii_resumed_500_1000,394,0.000102,0.0,0.0,0.002551,0.0,357.1
894,phase_ii_resumed_500_1000,395,9.568e-05,0.1847,0.15,0.002393,0.5,254.4
895,phase_ii_resumed_500_1000,396,0.0001033,0.8471,0.75,0.002581,1.0,332.5
896,phase_ii_resumed_500_1000,397,6.098e-05,0.4165,0.375,0.001525,1.0,430.4
897,phase_ii_resumed_500_1000,398,0.0001443,0.3735,0.2917,0.003608,0.25,166.3
898,phase_ii_resumed_500_1000,399,0.0001169,0.4754,0.3929,0.002921,0.1667,301.6
899,phase_ii_resumed_500_1000,400,0.0001053,0.04825,0.05,0.002633,0.5,314.4
900,phase_ii_resumed_500_1000,401,0.0001636,0.3466,0.2917,0.00409,0.25,250.1
901,phase_ii_resumed_500_1000,402,0.0001109,0.1869,0.1667,0.002773,0.75,452.1
902,phase_ii_resumed_500_1000,403,9.391e-05,0.1702,0.1875,0.002348,0.5,314.1
903,phase_ii_resumed_500_1000,404,9.807e-05,0.1051,0.1,0.002452,0.5,262.6
904,phase_ii_resumed_500_1000,405,0.0001184,0.1078,0.15,0.00296,0.5,201.7
905,phase_ii_resumed_500_1000,406,9.904e-05,0.7181,0.6071,0.002367,0.1667,358.1
906,phase_ii_resumed_500_1000,407,0.000106,0.1627,0.15,0.002651,0.625,353.2
907,phase_ii_resumed_500_1000,408,0.0001477,0.04458,0.05,0.003693,0.5,334.4
908,phase_ii_resumed_500_1000,409,8.889e-05,0.0,0.0,0.002222,0.0,269.2
909,phase_ii_resumed_500_1000,410,9.938e-05,0.3618,0.375,0.002484,1.0,359.9
910,phase_ii_resumed_500_1000,411,8.037e-05,0.0,0.0,0.002009,0.0,207.4
911,phase_ii_resumed_500_1000,412,5.072e-05,0.05755,0.05,0.001268,0.5,150.1
912,phase_ii_resumed_500_1000,413,7.982e-05,0.1219,0.15,0.001996,0.5,284.9
913,phase_ii_resumed_500_1000,414,8.394e-05,0.06099,0.05,0.002099,0.5,281.4
914,phase_ii_resumed_500_1000,415,0.0001144,0.5832,0.5,0.00286,1.0,250.5
915,phase_ii_resumed_500_1000,416,8.134e-05,0.09167,0.1,0.002033,0.5,368.4
916,phase_ii_resumed_500_1000,417,0.0001211,0.2386,0.2083,0.003028,0.25,179.6
917,phase_ii_resumed_500_1000,418,6.032e-05,0.1095,0.1,0.001508,0.5,464.6
918,phase_ii_resumed_500_1000,419,0.0001045,0.3746,0.3333,0.002611,0.75,362.5
919,phase_ii_resumed_500_1000,420,0.0001351,0.4325,0.3929,0.003378,0.1667,234.1
920,phase_ii_resumed_500_1000,421,6.346e-05,0.5813,0.5833,0.001586,0.75,385.1
921,phase_ii_resumed_500_1000,422,7.257e-05,0.1636,0.15,0.001813,0.5,252.2
922,phase_ii_resumed_500_1000,423,9.336e-05,0.9324,0.75,0.002334,0.75,200.3
923,phase_ii_resumed_500_1000,424,8.833e-05,0.101,0.1,0.002208,0.5,408.4
924,phase_ii_resumed_500_1000,425,0.0001156,0.1345,0.1,0.002889,0.5,288.4
925,phase_ii_resumed_500_1000,426,8.738e-05,0.3922,0.375,0.002185,1.0,407.4
926,phase_ii_resumed_500_1000,427,0.000115,1.104,0.85,0.002882,0.5,247.8
927,phase_ii_resumed_500_1000,428,5.962e-05,0.3398,0.2917,0.001489,0.25,368.4
928,phase_ii_resumed_500_1000,429,0.0002033,0.5939,0.5,0.005083,1.0,282.1
929,phase_ii_resumed_500_1000,430,9.802e-05,0.5317,0.4688,0.002451,0.125,361.7
930,phase_ii_resumed_500_1000,431,0.0001231,0.0473,0.05,0.003077,0.5,240.8
931,phase_ii_resumed_500_1000,432,8.366e-05,0.2395,0.25,0.002091,0.25,233.5
932,phase_ii_resumed_500_1000,433,0.0001326,0.0,0.0,0.003316,0.0,266.3
933,phase_ii_resumed_500_1000,434,6.53e-05,0.1793,0.15,0.001633,0.5,363.7
934,phase_ii_resumed_500_1000,435,5.435e-05,0.493,0.4688,0.001359,0.125,375.6
935,phase_ii_resumed_500_1000,436,0.0001165,0.0,0.0,0.002912,0.0,552.2
936,phase_ii_resumed_500_1000,437,9.125e-05,0.0,0.0,0.002281,0.0,216.9
937,phase_ii_resumed_500_1000,438,0.0001993,0.3154,0.25,0.004982,0.75,249.1
938,phase_ii_resumed_500_1000,439,7.389e-05,0.1254,0.15,0.001848,0.5,413.1
939,phase_ii_resumed_500_1000,440,8.746e-05,0.1493,0.15,0.002185,0.5,452.1
940,phase_ii_resumed_500_1000,441,0.0001054,0.1139,0.1,0.002636,0.5,196.8
941,phase_ii_resumed_500_1000,442,0.0001014,0.5599,0.5,0.002547,0.0,250.2
942,phase_ii_resumed_500_1000,443,7.124e-05,0.1667,0.15,0.001782,0.5,416.6
943,phase_ii_resumed_500_1000,444,9.539e-05,0.1376,0.125,0.002384,0.6667,278.1
944,phase_ii_resumed_500_1000,445,0.0001026,0.09183,0.09375,0.002564,0.125,287.2
945,phase_ii_resumed_500_1000,446,5.542e-05,0.547,0.5,0.001385,1.0,307.1
946,phase_ii_resumed_500_1000,447,6.115e-05,0.1371,0.15,0.00153,0.5,279.4
947,phase_ii_resumed_500_1000,448,5.657e-05,0.04952,0.05,0.001414,0.5,369.1
948,phase_ii_resumed_500_1000,449,8.518e-05,0.0285,0.04167,0.00213,0.25,403.7
949,phase_ii_resumed_500_1000,450,7.971e-05,0.0461,0.05,0.001992,0.5,341.5
950,phase_ii_resumed_500_1000,451,0.0001185,0.06308,0.05,0.002962,0.5,194.7
951,phase_ii_resumed_500_1000,452,9.19e-05,0.0,0.0,0.002297,0.0,428.9
952,phase_ii_resumed_500_1000,453,0.000114,0.1002,0.125,0.002848,0.5,308.9
953,phase_ii_resumed_500_1000,454,0.0002594,0.6153,0.5,0.006483,1.0,215.4
954,phase_ii_resumed_500_1000,455,0.0001176,0.5181,0.5,0.002943,1.0,314.2
955,phase_ii_resumed_500_1000,456,0.0001101,0.06084,0.05,0.002751,0.5,274.1
956,phase_ii_resumed_500_1000,457,7.911e-05,1.213,1.0,0.001983,0.0,178.9
957,phase_ii_resumed_500_1000,458,0.0002566,0.5397,0.4688,0.006415,0.125,217.1
958,phase_ii_resumed_500_1000,459,0.0001896,0.61,0.5,0.004739,0.0,164.1
959,phase_ii_resumed_500_1000,460,0.0001022,1.115,0.9167,0.002555,0.375,203.2
960,phase_ii_resumed_500_1000,461,8.188e-05,0.0,0.0,0.002047,0.0,468.9
961,phase_ii_resumed_500_1000,462,0.0001087,0.0,0.0,0.002719,0.0,253.1
962,phase_ii_resumed_500_1000,463,0.0001475,0.0,0.0,0.003689,0.0,274.7
963,phase_ii_resumed_500_1000,464,8.53e-05,0.4106,0.375,0.002132,1.0,401.2
964,phase_ii_resumed_500_1000,465,0.0001457,0.5496,0.5,0.003642,0.5,234.9
965,phase_ii_resumed_500_1000,466,9.233e-05,0.5805,0.5,0.002312,0.0,262.6
966,phase_ii_resumed_500_1000,467,0.0001151,0.3526,0.3333,0.00288,0.75,352.7
967,phase_ii_resumed_500_1000,468,0.0001963,0.346,0.2917,0.004907,0.25,317.9
968,phase_ii_resumed_500_1000,469,0.0001437,0.0,0.0,0.003592,0.0,299.6
969,phase_ii_resumed_500_1000,470,9.988e-05,0.0,0.0,0.002497,0.0,398.6
970,phase_ii_resumed_500_1000,471,9.267e-05,0.0,0.0,0.002317,0.0,372.8
971,phase_ii_resumed_500_1000,472,0.0001106,0.5499,0.5,0.002765,0.0,261.5
972,phase_ii_resumed_500_1000,473,8.794e-05,0.04195,0.05,0.002198,0.5,303.8
973,phase_ii_resumed_500_1000,474,0.0001436,0.3883,0.2917,0.003591,0.25,208.1
974,phase_ii_resumed_500_1000,475,0.0001614,0.0,0.0,0.004036,0.0,287.8
975,phase_ii_resumed_500_1000,476,0.0001691,0.1738,0.15,0.004226,0.5,261.8
976,phase_ii_resumed_500_1000,477,0.0001443,0.0368,0.04167,0.003606,0.25,265.2
977,phase_ii_resumed_500_1000,478,6.707e-05,0.03487,0.05,0.001676,0.5,275.2
978,phase_ii_resumed_500_1000,479,0.0001485,0.0,0.0,0.003712,0.0,391.7
979,phase_ii_resumed_500_1000,480,6.235e-05,0.7192,0.625,0.001559,0.5,295.1
980,phase_ii_resumed_500_1000,481,5.417e-05,0.1807,0.1875,0.001354,0.6667,339.4
981,phase_ii_resumed_500_1000,482,0.0001347,0.4721,0.4167,0.003366,0.75,407.2
982,phase_ii_resumed_500_1000,483,0.0001248,0.3916,0.3333,0.003121,0.75,346.5
983,phase_ii_resumed_500_1000,484,9.799e-05,0.05643,0.05,0.002449,0.5,454.4
984,phase_ii_resumed_500_1000,485,0.000139,0.0,0.0,0.003476,0.0,286.4
985,phase_ii_resumed_500_1000,486,6.442e-05,0.5458,0.4375,0.001611,0.125,278.5
986,phase_ii_resumed_500_1000,487,0.0001087,0.0367,0.03571,0.002717,0.1667,326.9
987,phase_ii_resumed_500_1000,488,4.328e-05,0.0,0.0,0.001082,0.0,499.2
988,phase_ii_resumed_500_1000,489,8.013e-05,0.05828,0.05,0.002003,0.5,571.8
989,phase_ii_resumed_500_1000,490,8.867e-05,0.0,0.0,0.002217,0.0,227.0
990,phase_ii_resumed_500_1000,491,0.0001621,0.1269,0.1,0.004053,0.5,311.4
991,phase_ii_resumed_500_1000,492,0.0001128,0.04022,0.04167,0.002821,0.25,392.8
992,phase_ii_resumed_500_1000,493,6.612e-05,0.0,0.0,0.001653,0.0,206.7
993,phase_ii_resumed_500_1000,494,0.0002119,0.0,0.0,0.005298,0.0,264.4
994,phase_ii_resumed_500_1000,495,6.191e-05,0.1164,0.1,0.001548,0.5,482.9
995,phase_ii_resumed_500_1000,496,0.0001474,0.1115,0.1,0.003685,0.5,305.9
996,phase_ii_resumed_500_1000,497,0.0001096,0.1962,0.15,0.002738,0.5,217.3
997,phase_ii_resumed_500_1000,498,9.339e-05,0.0,0.0,0.002335,0.0,352.8
998,phase_ii_resumed_500_1000,499,6.755e-05,0.2106,0.15,0.001689,0.5,143.2
